,Name,Platform,Year_of_Release,Genre,Publisher,Global_Sales,Critic_Score,Developer,Rating
42,Grand Theft Auto V,PS4,2014,Action,Take-Two Interactive,12610000,97,Rockstar North,M
62,New Super Mario Bros. 2,3DS,2012,Platform,Nintendo,9900000,78,Nintendo,E
73,Animal Crossing: New Leaf,3DS,2012,Simulation,Nintendo,9160000,88,Nintendo,E
77,FIFA 16,PS4,2015,Sports,Electronic Arts,8570000,82,EA Sports,E
92,Call of Duty: Advanced Warfare,PS4,2014,Shooter,Activision,7660000,83,Sledgehammer Games,M
94,FIFA 17,PS4,2016,Sports,Electronic Arts,7590000,85,"EA Sports, EA Vancouver",E
105,Fallout 4,PS4,2015,Role-Playing,Bethesda Softworks,7160000,87,Bethesda Game Studios,M
110,Mario Kart 8,WiiU,2014,Racing,Nintendo,7090000,88,Nintendo,E
143,FIFA 15,PS4,2014,Sports,Electronic Arts,6080000,82,EA Sports,E
154,Destiny,PS4,2014,Shooter,Activision,5640000,76,"Bungie Software, Bungie",T
165,Grand Theft Auto V,XOne,2014,Action,Take-Two Interactive,5480000,97,Rockstar North,M
171,Uncharted 4: A Thief's End,PS4,2016,Shooter,Sony Computer Entertainment,5380000,93,Naughty Dog,T
179,Call of Duty: Advanced Warfare,XOne,2014,Shooter,Activision,5270000,81,Sledgehammer Games,M
185,New Super Mario Bros. U,WiiU,2012,Platform,Nintendo,5220000,84,Nintendo,E
192,Diablo III,PC,2012,Role-Playing,Activision,5140000,88,Blizzard Entertainment,M
231,Uncharted: The Nathan Drake Collection,PS4,2015,Action,Sony Computer Entertainment,4620000,86,Bluepoint Games,T
235,Luigi's Mansion: Dark Moon,3DS,2013,Action,Nintendo,4590000,86,Next Level Games,E
242,Halo 5: Guardians,XOne,2015,Shooter,Microsoft Game Studios,4480000,84,343 Industries,T
245,Call of Duty: Infinite Warfare,PS4,2016,Shooter,Activision,4460000,77,Infinity Ward,M
247,Splatoon,WiiU,2015,Shooter,Nintendo,4430000,81,Nintendo,E10+
248,Nintendo Land,WiiU,2012,Misc,Nintendo,4420000,77,Nintendo,E10+
260,Super Mario 3D World,WiiU,2013,Platform,Nintendo,4320000,93,Nintendo,E
270,Fallout 4,XOne,2015,Role-Playing,Bethesda Softworks,4220000,88,Bethesda Game Studios,M
289,Battlefield 1,PS4,2016,Shooter,Electronic Arts,4080000,88,EA DICE,M
295,Watch Dogs,PS4,2014,Action,Ubisoft,4050000,80,Ubisoft Montreal,M
298,Far Cry 4,PS4,2014,Shooter,Ubisoft,4040000,85,Ubisoft Montreal,M
303,The Witcher 3: Wild Hunt,PS4,2015,Role-Playing,Namco Bandai Games,3970000,92,CD Projekt Red Studio,M
304,Assassin's Creed: Unity,PS4,2014,Action,Ubisoft,3960000,70,"Ubisoft, Ubisoft Montreal",M
305,Batman: Arkham Knight,PS4,2015,Action,Warner Bros. Interactive Entertainment,3950000,87,Rocksteady Studios,M
312,Monster Hunter 4 Ultimate,3DS,2014,Role-Playing,Nintendo,3890000,86,Capcom,T
314,NBA 2K16,PS4,2015,Sports,Take-Two Interactive,3880000,87,Visual Concepts,E10+
323,Call of Duty: Ghosts,PS4,2013,Shooter,Activision,3830000,78,Infinity Ward,M
325,Tom Clancy's The Division,PS4,2016,Shooter,Ubisoft,3800000,80,Massive Entertainment,M
357,Battlefield 4,PS4,2013,Shooter,Electronic Arts,3590000,85,EA DICE,M
373,Assassin's Creed: Unity,XOne,2014,Action,Ubisoft,3500000,72,"Ubisoft, Ubisoft Montreal",M
390,Metal Gear Solid V: The Phantom Pain,PS4,2015,Action,Konami Digital Entertainment,3410000,93,"Kojima Productions, Moby Dick Studio",M
396,Assassin's Creed Syndicate,PS4,2015,Action,Ubisoft,3390000,76,Ubisoft Quebec,M
398,Destiny,XOne,2014,Shooter,Activision,3370000,75,"Bungie Software, Bungie",T
413,Gears of War: Ultimate Edition,XOne,2015,Shooter,Microsoft Game Studios,3280000,82,"Splash Damage, The Coalition",M
417,FIFA 16,XOne,2015,Sports,Electronic Arts,3250000,84,EA Sports,E
420,Madden NFL 16,PS4,2015,Sports,Electronic Arts,3240000,83,EA Sports,E
422,Halo: The Master Chief Collection,XOne,2014,Shooter,Microsoft Game Studios,3230000,85,343 Industries,M
424,Super Mario Maker,WiiU,2015,Platform,Nintendo,3210000,88,Nintendo,E
448,The Legend of Zelda: A Link Between Worlds,3DS,2013,Action,Nintendo,3100000,91,Nintendo,E
457,Animal Crossing: Happy Home Designer,3DS,2015,Simulation,Nintendo,3050000,66,Nintendo,E
458,The Sims 4,PC,2014,Simulation,Electronic Arts,3050000,70,Maxis,T
469,FIFA 14,PS4,2013,Sports,Electronic Arts,3010000,87,EA Canada,E
481,Middle-Earth: Shadow of Mordor,PS4,2014,Action,Warner Bros. Interactive Entertainment,2960000,84,Monolith Productions,M
484,Titanfall,XOne,2014,Shooter,Electronic Arts,2950000,86,Respawn Entertainment,M
493,Call of Duty: Ghosts,XOne,2013,Shooter,Activision,2920000,78,Infinity Ward,M
509,Assassin's Creed IV: Black Flag,PS4,2013,Action,Ubisoft,2850000,83,Ubisoft,M
529,inFAMOUS: Second Son,PS4,2014,Action,Sony Computer Entertainment,2790000,80,Sucker Punch,T
539,Mortal Kombat X,PS4,2015,Fighting,Warner Bros. Interactive Entertainment,2780000,83,"Warner Bros. Interactive Entertainment, NetherRealm Studios",M
560,Killzone: Shadow Fall,PS4,2013,Shooter,Sony Computer Entertainment,2690000,73,Guerrilla,M
571,FIFA 17,XOne,2016,Sports,Electronic Arts,2650000,84,"EA Sports, EA Vancouver",E
623,Bloodborne,PS4,2015,Action,Sony Computer Entertainment,2480000,92,From Software,M
631,NBA 2K15,PS4,2014,Sports,Take-Two Interactive,2450000,83,Visual Concepts,E
640,Call of Duty: Infinite Warfare,XOne,2016,Shooter,Activision,2420000,78,Infinity Ward,M
641,Madden NFL 16,XOne,2015,Sports,Electronic Arts,2420000,84,EA Sports,E
677,The Legend of Zelda: Majora's Mask 3D,3DS,2015,Action,Nintendo,2340000,89,GREZZO,E10+
680,NBA 2K16,XOne,2015,Sports,Take-Two Interactive,2340000,86,Visual Concepts,E10+
688,Guild Wars 2,PC,2012,Action,NCSoft,2310000,90,ArenaNet,T
690,Paper Mario: Sticker Star,3DS,2012,Role-Playing,Nintendo,2300000,75,Intelligent Systems,E
708,Far Cry: Primal,PS4,2016,Action,Ubisoft,2260000,76,Ubisoft Montreal,M
709,Battlefield 1,XOne,2016,Shooter,Electronic Arts,2250000,87,EA DICE,M
720,New Super Luigi U,WiiU,2013,Platform,Nintendo,2240000,77,Nintendo,E
733,Tom Clancy's Rainbow Six: Siege,PS4,2015,Shooter,Ubisoft,2210000,73,Ubisoft Montreal,M
738,Forza Motorsport 5,XOne,2013,Racing,Microsoft Game Studios,2200000,79,Turn 10,E
749,Madden NFL 15,PS4,2014,Sports,Electronic Arts,2190000,81,EA Sports,E
754,FIFA 15,XOne,2014,Sports,Electronic Arts,2180000,82,EA Sports,E
758,Tom Clancy's The Division,XOne,2016,Shooter,Ubisoft,2160000,80,Massive Entertainment,M
767,Overwatch,PS4,2016,Shooter,Activision,2140000,90,Blizzard Entertainment,T
790,Battlefield: Hardline,PS4,2015,Shooter,Electronic Arts,2100000,73,Visceral Games,M
797,Dying Light,PS4,2015,Action,Warner Bros. Interactive Entertainment,2089999,74,Techland,M
814,DriveClub,PS4,2014,Racing,Sony Computer Entertainment,2069999,71,Evolution Studios,E
847,Battlefield 4,XOne,2013,Shooter,Electronic Arts,2020000,81,EA DICE,M
848,Fire Emblem: Awakening,3DS,2012,Role-Playing,Nintendo,2009999,92,Intelligent Systems,T
851,Dragon Age: Inquisition,PS4,2014,Role-Playing,Electronic Arts,2009999,89,BioWare,M
863,Need for Speed Rivals,PS4,2013,Racing,Electronic Arts,1980000,80,Ghost Games,E10+
895,Destiny: The Taken King,PS4,2015,Shooter,Activision,1930000,86,Bungie,T
901,Mario Party: Island Tour,3DS,2013,Misc,Nintendo,1920000,57,"Nintendo, Nd Cube",E
908,LittleBigPlanet 3,PS4,2014,Platform,Sony Computer Entertainment,1910000,79,Sumo Digital,E
921,NBA 2K17,PS4,2016,Sports,Take-Two Interactive,1880000,88,Visual Concepts,E
938,Just Cause 3,PS4,2015,Action,Square Enix,1860000,73,Avalanche Studios,M
952,Kirby: Triple Deluxe,3DS,2014,Platform,Nintendo,1830000,80,HAL Labs,E
959,World of Warcraft: Mists of Pandaria,PC,2012,Role-Playing,Activision,1820000,82,Blizzard Entertainment,T
968,Mafia III,PS4,2016,Action,Take-Two Interactive,1810000,68,Hangar 13,M
975,Forza Motorsport 6,XOne,2015,Racing,Microsoft Game Studios,1800000,87,Turn 10,E
976,The Evil Within,PS4,2014,Action,Bethesda Softworks,1790000,75,Tango Gameworks,M
1007,Madden NFL 17,PS4,2016,Sports,Electronic Arts,1750000,82,EA Sports,E
1015,Wii Party U,WiiU,2013,Misc,Nintendo,1750000,65,Nd Cube,E
1026,The Order: 1886,PS4,2015,Shooter,Sony Computer Entertainment,1740000,63,"Ready at Dawn, SCE Santa Monica",M
1028,Knack,PS4,2013,Platform,Sony Computer Entertainment Europe,1730000,54,SCE Japan Studio,E10+
1035,The Crew,PS4,2014,Racing,Ubisoft,1720000,61,"Ubisoft Reflections, Ivory Tower",T
1037,NBA 2K15,XOne,2014,Sports,Take-Two Interactive,1720000,82,Visual Concepts,E
1056,No Man's Sky,PS4,2016,Action,Hello Games,1700000,71,Hello Games,T
1095,StarCraft II: Heart of the Swarm,PC,2013,Strategy,Activision,1670000,86,Blizzard Entertainment,T
1097,Until Dawn,PS4,2015,Adventure,Sony Computer Entertainment Europe,1660000,79,SuperMassive Games,M
1107,Dark Souls III,PS4,2016,Role-Playing,Namco Bandai Games,1650000,89,From Software,M
1125,Far Cry 4,XOne,2014,Shooter,Ubisoft,1630000,82,Ubisoft Montreal,M
1139,LEGO Marvel Super Heroes,PS4,2013,Action,Warner Bros. Interactive Entertainment,1620000,83,TT Games,E10+
1168,Kingdom Hearts 3D: Dream Drop Distance,3DS,2012,Action,Square Enix,1580000,75,Square Enix,E10+
1174,Mario Party 10,WiiU,2015,Misc,Nintendo,1580000,66,"Nintendo, Nd Cube",E
1176,Dead Rising 3,XOne,2013,Action,Microsoft Game Studios,1570000,78,Capcom Vancouver,M
1180,Watch Dogs,XOne,2014,Action,Ubisoft,1570000,78,Ubisoft Montreal,M
1183,Madden NFL 15,XOne,2014,Sports,Electronic Arts,1570000,80,EA Sports,E
1208,Wolfenstein: The New Order,PS4,2014,Shooter,Bethesda Softworks,1550000,79,MachineGames,M
1227,Call of Duty: Black Ops II,PC,2012,Shooter,Activision,1530000,74,Treyarch,M
1231,Donkey Kong Country: Tropical Freeze,WiiU,2014,Platform,Nintendo,1520000,83,Retro Studios,E
1274,Batman: Arkham Knight,XOne,2015,Action,Warner Bros. Interactive Entertainment,1490000,85,Rocksteady Studios,M
1294,Call of Duty Black Ops: Declassified,PSV,2012,Action,Activision,1470000,33,Nihilistic,M
1325,NBA 2K14,PS4,2013,Sports,Take-Two Interactive,1450000,85,Visual Concepts,E
1351,SimCity (2013),PC,2013,Simulation,Electronic Arts,1420000,64,Maxis,E10+
1386,Forza Horizon 2,XOne,2014,Racing,Microsoft Game Studios,1400000,86,Playground Games,E10+
1395,Yoshi's New Island,3DS,2014,Platform,Nintendo,1380000,64,Arzest,E
1400,Ryse: Son of Rome,XOne,2013,Action,Microsoft Game Studios,1380000,60,Crytek,M
1401,Mortal Kombat X,XOne,2015,Fighting,Warner Bros. Interactive Entertainment,1380000,86,"Warner Bros. Interactive Entertainment, NetherRealm Studios",M
1403,Rise of the Tomb Raider,XOne,2015,Adventure,Square Enix,1380000,86,Crystal Dynamics,M
1434,Middle-Earth: Shadow of Mordor,XOne,2014,Action,Warner Bros. Interactive Entertainment,1350000,87,Monolith Productions,M
1437,Battlefield 4,PC,2013,Shooter,Electronic Arts,1350000,81,EA DICE,M
1439,Gears of War 4,XOne,2016,Shooter,Microsoft Game Studios,1350000,84,The Coalition,M
1455,Tom Clancy's Rainbow Six: Siege,XOne,2015,Shooter,Ubisoft,1340000,74,Ubisoft Montreal,M
1485,Assassin's Creed III: Liberation,PSV,2012,Action,Ubisoft,1320000,70,Ubisoft,M
1499,The Witcher 3: Wild Hunt,XOne,2015,Role-Playing,Namco Bandai Games,1310000,91,CD Projekt Red Studio,M
1509,Yoshi's Woolly World,WiiU,2015,Platform,Nintendo,1300000,78,Good-Feel,E
1515,Assassin's Creed Syndicate,XOne,2015,Action,Ubisoft,1300000,78,Ubisoft Quebec,M
1529,Dying Light,XOne,2015,Action,Warner Bros. Interactive Entertainment,1290000,74,Techland,M
1530,Fallout 4,PC,2015,Role-Playing,Bethesda Softworks,1290000,84,Bethesda Game Studios,M
1536,The Elder Scrolls Online,XOne,2015,Role-Playing,Bethesda Softworks,1280000,77,ZeniMax Media,M
1551,Kid Icarus: Uprising,3DS,2012,Action,Nintendo,1270000,83,"Opus, Project Sora",E10+
1552,Pokemon Mystery Dungeon: Gates to Infinity,3DS,2012,Role-Playing,Nintendo,1270000,59,"Nintendo, Spike Chunsoft",E
1559,Metal Gear Solid V: Ground Zeroes,PS4,2014,Action,Konami Digital Entertainment,1270000,75,Kojima Productions,M
1595,LittleBigPlanet PS Vita,PSV,2012,Platform,Sony Computer Entertainment,1250000,88,"Tarsier Studios, Double Eleven",E
1596,Pokemon Super Mystery Dungeon,3DS,2015,Role-Playing,Nintendo,1250000,69,"Spike Chunsoft Co. Ltd., Spike Chunsoft",E
1615,Madden NFL 17,XOne,2016,Sports,Electronic Arts,1230000,83,EA Sports,E
1627,Hyrule Warriors,WiiU,2014,Action,Nintendo,1230000,76,Omega Force,T
1658,WWE 2K16,PS4,2015,Sports,Take-Two Interactive,1210000,73,Yuke's,T
1666,Battlefield: Hardline,XOne,2015,Shooter,Electronic Arts,1210000,71,Visceral Games,M
1691,Captain Toad: Treasure Tracker,WiiU,2014,Puzzle,Nintendo,1190000,81,Nintendo EAD Tokyo,E
1694,Destiny: The Taken King,XOne,2015,Shooter,Activision,1190000,89,"Bungie Software, Bungie",T
1730,Grand Theft Auto V,PC,2015,Action,Take-Two Interactive,1170000,96,Rockstar North,M
1753,FIFA 14,XOne,2013,Sports,Electronic Arts,1160000,88,EA Canada,E
1775,WWE 2K15,PS4,2014,Sports,Take-Two Interactive,1150000,62,Yuke's,T
1798,Sunset Overdrive,XOne,2014,Shooter,Microsoft Game Studios,1140000,81,Insomniac Games,M
1801,Naruto Shippuden: Ultimate Ninja Storm 4,PS4,2016,Fighting,Namco Bandai Games,1140000,79,CyberConnect2,T
1806,Watch Dogs 2,PS4,2016,Action,Ubisoft,1130000,83,Ubisoft Montreal,M
1812,Alien: Isolation,PS4,2014,Shooter,Sega,1130000,79,Creative Assembly,M
1814,Fantasy Life,3DS,2012,Role-Playing,Nintendo,1130000,73,"Level 5, Brownie Brown",E10+
1817,The Legend of Zelda: Tri Force Heroes,3DS,2015,Action,Nintendo,1120000,73,Nintendo,E
1831,Persona 4: Golden,PSV,2012,Role-Playing,Atlus,1120000,93,Atlus,M
1846,Pikmin 3,WiiU,2013,Strategy,Nintendo,1110000,87,Nintendo,E10+
1848,Dragon Ball: XenoVerse,PS4,2015,Fighting,Namco Bandai Games,1110000,69,Dimps Corporation,T
1866,LEGO City Undercover,WiiU,2013,Platform,Nintendo,1100000,80,TT Games,E10+
1880,Project CARS,PS4,2015,Racing,Slightly Mad Studios,1090000,83,Slightly Mad Studios,E
1904,Forza Horizon 3,XOne,2016,Racing,Microsoft Game Studios,1080000,91,Playground Games,E
1948,Overwatch,XOne,2016,Shooter,Activision,1060000,91,Blizzard Entertainment,T
1978,EA Sports UFC,PS4,2014,Sports,Electronic Arts,1050000,70,EA Sports,T
2012,The Legend of Zelda: Twilight Princess HD,WiiU,2016,Action,Nintendo,1030000,86,"Tantalus Interactive, Tantatus, Nintendo",T
2024,NBA 2K17,XOne,2016,Sports,Take-Two Interactive,1020000,90,Visual Concepts,E
2051,Rayman Legends,PS4,2014,Platform,Ubisoft,1010000,90,Ubisoft Montpellier,E10+
2055,ZombiU,WiiU,2012,Action,Ubisoft,1010000,77,Ubisoft Montpellier,M
2056,Pokken Tournament,WiiU,2016,Fighting,Namco Bandai Games,1010000,76,Bandai Namco Games,E10+
2126,Mass Effect 3,PC,2012,Role-Playing,Electronic Arts,970000,89,BioWare,M
2136,Far Cry 3,PC,2012,Shooter,Ubisoft,960000,88,Ubisoft Montreal,M
2137,Evolve,PS4,2015,Shooter,Take-Two Interactive,960000,76,Turtle Rock Studios,M
2145,Farming Simulator 2013,PC,2012,Simulation,Focus Home Interactive,960000,65,Giants Software,E
2155,Mario Tennis Open,3DS,2012,Sports,Nintendo,950000,69,Camelot Software Planning,E
2210,EA Sports UFC 2,PS4,2016,Sports,Electronic Arts,930000,79,EA Sports,T
2214,Dragon Age: Inquisition,XOne,2014,Role-Playing,Electronic Arts,930000,85,BioWare,M
2219,Kirby: Planet Robobot,3DS,2016,Action,Nintendo,930000,81,HAL Labs,E
2232,Lego Batman 3: Beyond Gotham,PS4,2014,Action,Warner Bros. Interactive Entertainment,930000,73,TT Games,E10+
2237,Assassin's Creed III,PC,2012,Action,Ubisoft,930000,80,Ubisoft,M
2238,Borderlands 2,PC,2012,Shooter,Take-Two Interactive,930000,89,Gearbox Software,M
2240,Disney Magical World,3DS,2013,Adventure,Nintendo,920000,71,h.a.n.d. Inc.,E
2247,MLB 15: The Show,PS4,2015,Sports,Sony Computer Entertainment,920000,80,SCEA San Diego Studios,E
2264,Harvest Moon 3D: A New Beginning,3DS,2012,Action,Marvelous Entertainment,910000,74,Marvelous AQL,E
2280,NBA 2K14,XOne,2013,Sports,Take-Two Interactive,910000,86,Visual Concepts,E
2290,Street Fighter V,PS4,2016,Fighting,Capcom,900000,77,Capcom,T
2291,Just Cause 3,XOne,2015,Action,Square Enix,900000,71,Avalanche Studios,M
2301,LEGO Jurassic World,PS4,2015,Action,Warner Bros. Interactive Entertainment,900000,70,TT Games,E10+
2303,The Elder Scrolls Online,PC,2014,Role-Playing,Bethesda Softworks,900000,71,ZeniMax Media,M
2307,Madden NFL 25,PS4,2013,Sports,Electronic Arts,900000,74,EA Sports,E
2313,LEGO Marvel Super Heroes,3DS,2013,Action,Warner Bros. Interactive Entertainment,900000,61,TT Games,E10+
2367,Far Cry: Primal,XOne,2016,Action,Ubisoft,880000,77,Ubisoft Montreal,M
2368,Resident Evil: Revelations,3DS,2012,Action,Capcom,880000,82,Capcom,M
2375,Borderlands: The Handsome Collection,PS4,2015,Shooter,Take-Two Interactive,880000,82,Gearbox Software,M
2416,Guitar Hero Live,PS4,2015,Misc,Activision,860000,80,FreeStyleGames,T
2445,Wii Fit U,WiiU,2013,Sports,Nintendo,850000,72,Nintendo,E
2457,Xenoblade Chronicles X,WiiU,2015,Role-Playing,Nintendo,840000,84,Monolith Soft,T
2543,Madden NFL 25,XOne,2013,Sports,Electronic Arts,810000,73,EA Sports,E
2560,Professor Layton vs Phoenix Wright: Ace Attorney,3DS,2012,Puzzle,Level 5,800000,79,Level 5,T
2566,Killzone: Mercenary,PSV,2013,Shooter,Sony Computer Entertainment Europe,800000,78,Guerilla Cambridge,M
2569,Final Fantasy X / X-2 HD Remaster,PSV,2013,Role-Playing,Square Enix,800000,86,Virtuos,T
2600,Pro Evolution Soccer 2016,PS4,2015,Sports,Konami Digital Entertainment,790000,87,Konami,E
2603,Rare Replay,XOne,2015,Misc,Microsoft Game Studios,790000,84,Rare Ltd.,M
2687,Bayonetta 2,WiiU,2014,Action,Nintendo,760000,91,PlatinumGames,M
2714,Professor Layton and the Azran Legacy,3DS,2013,Puzzle,Nintendo,750000,81,Level 5,E10+
2718,Titanfall 2,PS4,2016,Shooter,Electronic Arts,750000,89,Respawn Entertainment,M
2720,Metal Gear Solid V: The Phantom Pain,XOne,2015,Action,Konami Digital Entertainment,750000,95,"Kojima Productions, Moby Dick Studio",M
2726,LEGO Batman 2: DC Super Heroes,3DS,2012,Action,Warner Bros. Interactive Entertainment,750000,72,TT Games,E10+
2734,Pro Evolution Soccer 2015,PS4,2014,Sports,Konami Digital Entertainment,750000,82,Konami,E
2778,LEGO Marvel Super Heroes,WiiU,2013,Action,Warner Bros. Interactive Entertainment,740000,82,TT Games,E10+
2784,Dragon Age: Inquisition,PC,2014,Role-Playing,Electronic Arts,730000,85,BioWare,M
2799,Style Savvy: Trendsetters,3DS,2012,Simulation,Nintendo,730000,76,syn Sophia,E
2811,LEGO Marvel's Avengers,PS4,2016,Action,Warner Bros. Interactive Entertainment,730000,71,TT Games,E10+
2813,Just Dance 2015,WiiU,2014,Misc,Ubisoft,730000,75,Ubisoft,E10+
2815,LEGO Dimensions,PS4,2015,Action,Warner Bros. Interactive Entertainment,730000,80,Traveller's Tales,E10+
2829,Total War: Rome II,PC,2013,Strategy,Sega,720000,76,Creative Assembly,T
2839,Persona Q: Shadow of the Labyrinth,3DS,2014,Role-Playing,Nippon Ichi Software,720000,83,Atlus,M
2840,MLB 14: The Show,PS4,2014,Sports,Sony Computer Entertainment America,720000,83,SCEA San Diego Studios,E
2851,The Witcher 3: Wild Hunt,PC,2015,Role-Playing,Namco Bandai Games,720000,93,CD Projekt Red Studio,M
2865,XCOM: Enemy Unknown,PC,2012,Strategy,Take-Two Interactive,710000,89,Firaxis Games,M
2889,Dragon Ball: Xenoverse 2,PS4,2016,Action,Namco Bandai Games,710000,73,Dimps Corporation,T
2903,Skylanders: Trap Team,WiiU,2014,Action,Activision,700000,86,Toys for Bob,E10+
2917,Lego Star Wars: The Force Awakens,PS4,2016,Action,Warner Bros. Interactive Entertainment,700000,78,TT Games,E10+
2955,Plants vs. Zombies: Garden Warfare,XOne,2014,Shooter,Electronic Arts,690000,76,PopCap,E10+
2956,Need for Speed Rivals,XOne,2013,Racing,Electronic Arts,690000,75,Ghost Games,E10+
2980,Sniper Elite 3,PS4,2014,Shooter,505 Games,680000,67,Rebellion,M
2991,Wolfenstein: The New Order,XOne,2014,Shooter,Bethesda Softworks,680000,79,MachineGames,M
3006,The Evil Within,XOne,2014,Action,Bethesda Softworks,670000,79,Tango Gameworks,M
3011,The LEGO Movie Videogame,PS4,2014,Action,Warner Bros. Interactive Entertainment,670000,71,TT Games,E10+
3035,F1 2015,PS4,2015,Racing,Codemasters,660000,65,Codemasters,E
3065,Rayman Legends,WiiU,2013,Platform,Ubisoft,660000,92,Ubisoft Montpellier,E10+
3067,BioShock Infinite,PC,2013,Shooter,Take-Two Interactive,660000,94,Irrational Games,M
3084,LEGO Jurassic World,XOne,2015,Action,Warner Bros. Interactive Entertainment,650000,70,TT Games,E10+
3086,Freedom Wars,PSV,2014,Role-Playing,Sony Computer Entertainment,650000,73,"Dimps Corporation, SCE Japan Studio",T
3102,Mortal Kombat,PSV,2012,Fighting,Warner Bros. Interactive Entertainment,650000,85,NetherRealm Studios,M
3123,Farming Simulator 17,PC,2016,Simulation,Focus Home Interactive,650000,64,Giants Software,E
3127,Borderlands 2,PSV,2014,Shooter,Take-Two Interactive,640000,64,Iron Galaxy Studios,M
3130,Assassin's Creed IV: Black Flag,PC,2013,Action,Ubisoft,640000,84,Ubisoft,M
3134,The LEGO Movie Videogame,WiiU,2014,Action,Warner Bros. Interactive Entertainment,640000,68,TT Games,E10+
3150,Football Manager 2014,PC,2013,Sports,Sega,640000,85,Sports Interactive,E
3157,Dishonored 2,PS4,2016,Action,Bethesda Softworks,640000,88,Arkane Studios,M
3161,The Crew,XOne,2014,Racing,Ubisoft,640000,64,"Ubisoft Reflections, Ivory Tower",T
3168,Evolve,XOne,2015,Shooter,Take-Two Interactive,640000,74,Turtle Rock Studios,M
3186,Far Cry 4,PC,2014,Shooter,Ubisoft,630000,80,Ubisoft Montreal,M
3205,Angry Birds Trilogy,3DS,2012,Action,Activision,630000,62,Exient Entertainment,E
3212,Crysis 3,PC,2013,Shooter,Electronic Arts,630000,76,Crytek,M
3214,NHL 16,PS4,2015,Sports,Electronic Arts,630000,78,"EA Sports, EA Canada",E10+
3250,Mafia III,XOne,2016,Action,Take-Two Interactive,620000,67,Hangar 13,M
3280,Scribblenauts: Unlimited,3DS,2012,Action,Warner Bros. Interactive Entertainment,610000,73,5TH Cell,E10+
3284,Plants vs. Zombies: Garden Warfare,PS4,2014,Shooter,Electronic Arts,610000,75,PopCap,E10+
3296,Tearaway,PSV,2013,Adventure,Sony Computer Entertainment Europe,610000,87,Media Molecule,E
3335,Kinect Sports Rivals,XOne,2014,Sports,Microsoft Game Studios,600000,60,Microsoft Game Studios,E10+
3339,Disney Infinity,WiiU,2013,Action,Disney Interactive Studios,600000,71,Avalanche Software,E10+
3363,LEGO The Hobbit,PS4,2014,Action,Warner Bros. Interactive Entertainment,600000,72,TT Games,E10+
3365,WWE 2K17,PS4,2016,Sports,Take-Two Interactive,600000,69,Yuke's,T
3366,Just Dance 2014,WiiU,2013,Misc,Ubisoft,600000,72,Ubisoft,E10+
3370,NHL 15,PS4,2014,Sports,Electronic Arts,600000,60,EA Sports,E10+
3401,WWE 2K16,XOne,2015,Sports,Take-Two Interactive,590000,72,Yuke's,T
3448,Skylanders SWAP Force,WiiU,2013,Platform,Activision,580000,89,Vicarious Visions,E10+
3453,Shin Megami Tensei IV,3DS,2013,Role-Playing,Atlus,580000,83,Atlus,M
3475,FIFA Soccer,PSV,2012,Sports,Electronic Arts,580000,79,Electronic Arts,E
3508,Titanfall 2,XOne,2016,Shooter,Electronic Arts,570000,87,Respawn Entertainment,M
3522,WWE 2K15,XOne,2014,Sports,Take-Two Interactive,570000,56,Yuke's,T
3537,Just Dance 2016,WiiU,2015,Misc,Ubisoft,570000,73,Ubisoft,E10+
3546,Rune Factory 4,3DS,2012,Role-Playing,Xseed Games,570000,78,Neverland,E10+
3557,Titanfall,PC,2014,Shooter,Electronic Arts,560000,86,Respawn Entertainment,M
3605,Gravity Rush,PSV,2012,Action,Sony Computer Entertainment,560000,83,SCE Japan Studio,T
3606,Quantum Break,XOne,2016,Action,Microsoft Game Studios,560000,77,Remedy Entertainment,M
3630,Guitar Hero Live,XOne,2015,Misc,Activision,550000,81,FreeStyleGames,T
3645,Resident Evil: Revelations 2,PS4,2015,Action,Capcom,550000,75,Capcom,M
3652,Assassin's Creed: Unity,PC,2014,Action,Ubisoft,550000,70,"Ubisoft, Ubisoft Montreal",M
3696,Rayman Origins,PSV,2012,Platform,Ubisoft,540000,88,UBlart Montpellier,E10+
3718,Final Fantasy Explorers,3DS,2014,Role-Playing,Square Enix,540000,69,Racjin,E10+
3748,LEGO Dimensions,WiiU,2015,Action,Warner Bros. Interactive Entertainment,530000,62,Traveller's Tales,E10+
3767,Just Dance 2015,XOne,2014,Misc,Ubisoft,530000,70,Ubisoft,E10+
3769,The LEGO Movie Videogame,XOne,2014,Action,Warner Bros. Interactive Entertainment,530000,69,TT Games,E10+
3771,Overwatch,PC,2016,Shooter,Activision,530000,91,Blizzard Entertainment,T
3791,StarCraft II: Legacy of the Void,PC,2015,Strategy,Activision,530000,88,Blizzard Entertainment,T
3840,LEGO Jurassic World,WiiU,2015,Action,Warner Bros. Interactive Entertainment,520000,71,TT Games,E10+
3845,Rory McIlroy PGA Tour,PS4,2015,Action,Electronic Arts,520000,61,EA Tiburon,E
3848,Lords of the Fallen,PS4,2014,Role-Playing,Square Enix,520000,68,"City Interactive, Deck 13",M
3858,Kirby and the Rainbow Curse,WiiU,2015,Platform,Nintendo,520000,73,HAL Labs,E
3892,Soul Sacrifice,PSV,2013,Role-Playing,Sony Computer Entertainment,510000,77,"SCE Japan Studio, comcept",M
3909,Alien: Isolation,XOne,2014,Shooter,Sega,510000,78,Creative Assembly,M
3965,Unit 13,PSV,2012,Shooter,Sony Computer Entertainment,500000,71,Zipper Interactive,T
3967,Theatrhythm: Final Fantasy,3DS,2012,Misc,Square Enix,500000,78,Indies Zero,E10+
4025,Sonic Lost World,3DS,2013,Platform,Sega,490000,59,Dimps Corporation,E10+
4033,Plants vs. Zombies: Garden Warfare 2,PS4,2016,Shooter,Electronic Arts,490000,81,PopCap,E10+
4051,Pokemon Art Academy ,3DS,2014,Misc,Nintendo,490000,76,Headstrong Games,E
4069,Bravely Second: End Layer,3DS,2015,Role-Playing,Nintendo,490000,81,Silicon Studio,T
4086,Skylanders: SuperChargers,WiiU,2015,Action,Activision,480000,87,Vicarious Visions,E10+
4095,Plants vs. Zombies: Garden Warfare 2,XOne,2016,Shooter,Electronic Arts,480000,80,PopCap,E10+
4096,Mario Golf: World Tour,3DS,2014,Sports,Nintendo,480000,78,Camelot Software Planning,E
4117,NHL 16,XOne,2015,Sports,Electronic Arts,480000,80,"EA Sports, EA Canada",E10+
4141,Rock Band 4,XOne,2015,Misc,Harmonix Music Systems,470000,79,Harmonix Music Systems,T
4148,World of Warcraft: Warlords of Draenor,PC,2014,Action,Activision Blizzard,470000,87,Blizzard Entertainment,T
4153,FIFA Soccer 13,WiiU,2012,Action,Electronic Arts,470000,69,Electronic Arts,E
4198,EA Sports UFC,XOne,2014,Sports,Electronic Arts,470000,70,EA Sports,T
4206,Art Academy: Lessons for Everyone,3DS,2012,Action,Nintendo,460000,81,"Nintendo, Headstrong Games",E
4209,One Piece: Pirate Warriors 3,PS4,2015,Action,Namco Bandai Games,460000,74,Omega Force,T
4274,Just Dance 2014,XOne,2013,Misc,Ubisoft,450000,71,Ubisoft,E10+
4289,PlayStation All-Stars Battle Royale,PSV,2012,Action,Sony Computer Entertainment,450000,75,Bluepoint Games,T
4358,Pro Evolution Soccer 2017,PS4,2016,Sports,Konami Digital Entertainment,450000,85,Konami,E
4364,Wolfenstein: The New Order,PC,2014,Shooter,Bethesda Softworks,450000,81,MachineGames,M
4368,Watch Dogs,PC,2014,Action,Ubisoft,450000,77,Ubisoft Montreal,M
4387,Mario Tennis Ultra Smash,WiiU,2015,Sports,Nintendo,440000,58,"Nintendo, Camelot Software Planning",E
4392,Skylanders: Trap Team,PS4,2014,Action,Activision,440000,78,Toys for Bob,E10+
4438,FIFA Soccer 13,PSV,2012,Action,Electronic Arts,440000,57,Electronic Arts,E
4481,Borderlands: The Handsome Collection,XOne,2015,Shooter,Take-Two Interactive,430000,80,Gearbox Software,M
4494,Lego Batman 3: Beyond Gotham,XOne,2014,Action,Warner Bros. Interactive Entertainment,430000,74,TT Games,E10+
4519,Hometown Story,3DS,2013,Role-Playing,Rising Star Games,430000,47,TOYBOX,E10+
4526,Max Payne 3,PC,2012,Shooter,Take-Two Interactive,430000,87,Rockstar Studios,M
4576,Batman: Arkham Origins Blackgate,PSV,2013,Action,Warner Bros. Interactive Entertainment,420000,61,Armature Studio,T
4585,Trials Fusion,PS4,2014,Racing,Ubisoft,420000,79,RedLynx,E10+
4618,Story of Seasons,3DS,2014,Simulation,Nintendo,420000,76,Marvelous AQL,E10+
4636,Paper Mario: Color Splash,WiiU,2016,Role-Playing,Nintendo,420000,75,"Nintendo, Intelligent Systems",E
4649,Attack on Titan: Humanity in Chains,3DS,2013,Action,Screenlife,420000,46,Spike Chunsoft,M
4653,Animal Crossing: Amiibo Festival,WiiU,2015,Misc,Nintendo,410000,46,"Nintendo, Nd Cube",E
4656,Just Dance 2014,PS4,2013,Misc,Ubisoft,410000,75,Ubisoft,E10+
4668,EA Sports UFC 2,XOne,2016,Sports,Electronic Arts,410000,76,EA Sports,T
4676,Farming Simulator 17,PS4,2016,Simulation,Focus Home Interactive,410000,69,Maximum Games,E
4686,LEGO Dimensions,XOne,2015,Action,Warner Bros. Interactive Entertainment,410000,80,Traveller's Tales,E10+
4691,NHL 15,XOne,2014,Sports,Electronic Arts,410000,59,EA Sports,E10+
4693,Tom Clancy's The Division,PC,2016,Shooter,Ubisoft,410000,79,Massive Entertainment,M
4706,Call of Duty: Black Ops II,WiiU,2012,Shooter,Activision,410000,81,Treyarch,M
4736,Call of Duty: Advanced Warfare,PC,2014,Shooter,Activision,410000,78,Sledgehammer Games,M
4745,Resistance: Burning Skies,PSV,2012,Shooter,Sony Computer Entertainment,410000,60,Nihilistic,M
4770,Tales of Zestiria,PS4,2015,Role-Playing,Namco Bandai Games,400000,72,Bandai Namco Games,T
4786,Life is Strange,PS4,2016,Adventure,Square Enix,400000,85,DONTNOD Entertainment,M
4793,The Wonderful 101,WiiU,2013,Action,Nintendo,400000,78,PlatinumGames,T
4809,FIFA 14,PC,2013,Sports,Electronic Arts,400000,87,EA Canada,E
4813,Ragnarok Odyssey,PSV,2012,Role-Playing,GungHo,400000,66,Game Arts,T
4821,FIFA Soccer 13,PC,2012,Action,Electronic Arts,400000,86,Electronic Arts,E
4866,LEGO The Lord of the Rings,3DS,2012,Action,Warner Bros. Interactive Entertainment,390000,61,TT Games,E10+
4883,Project X Zone,3DS,2012,Role-Playing,Namco Bandai Games,390000,70,"Monolith Soft, Banpresto",T
4913,Until Dawn: Rush of Blood,PS4,2016,Adventure,Sony Computer Entertainment,390000,72,SuperMassive Games,M
4915,Sonic Lost World,WiiU,2013,Platform,Sega,390000,63,Sonic Team,E10+
4917,Skylanders SWAP Force,PS4,2013,Platform,Activision,390000,79,Vicarious Visions,E10+
4944,Just Dance 2015,PS4,2014,Misc,Ubisoft,390000,72,Ubisoft,E10+
4952,One Piece: Unlimited World Red,3DS,2013,Action,Namco Bandai Games,390000,75,Ganbarion,T
4988,Rock Band 4,PS4,2015,Misc,Harmonix Music Systems,380000,78,Harmonix Music Systems,T
5000,Battlefield 1,PC,2016,Shooter,Electronic Arts,380000,88,EA DICE,M
5002,Metal Gear Solid: Snake Eater 3D,3DS,2012,Action,Konami Digital Entertainment,380000,78,Kojima Productions,M
5008,Deus Ex: Mankind Divided,PS4,2016,Role-Playing,Square Enix,380000,84,Eidos Montreal,M
5058,Wii Sports Club,WiiU,2014,Sports,Nintendo,380000,68,Nintendo,E10+
5063,Skylanders Giants,WiiU,2012,Action,Activision,370000,80,Vicarious Visions,E10+
5085,Just Dance 4,WiiU,2012,Misc,Ubisoft,370000,66,Ubisoft Paris,E10+
5114,BioShock The Collection,PS4,2016,Shooter,Take-Two Interactive,370000,84,2K Games,M
5115,Theatrhythm Final Fantasy: Curtain Call,3DS,2014,Misc,Square Enix,370000,83,Indies Zero,T
5120,Rocket League,PS4,2016,Sports,505 Games,370000,85,Psyonix,E
5131,DiRT Rally,PS4,2016,Racing,Codemasters,370000,85,Codemasters,E
5150,Scribblenauts: Unlimited,WiiU,2012,Action,Warner Bros. Interactive Entertainment,370000,73,5TH Cell,E10+
5165,Sid Meier's Civilization: Beyond Earth,PC,2014,Strategy,Take-Two Interactive,360000,81,Firaxis Games,E10+
5174,Star Fox: Zero,WiiU,2016,Shooter,Nintendo,360000,69,PlatinumGames,E10+
5188,Sword Art Online: Lost Song,PSV,2015,Role-Playing,Namco Bandai Games,360000,70,"Bandai Namco Games, Artdink",T
5215,Just Dance 2016,PS4,2015,Misc,Ubisoft,360000,73,Ubisoft,E10+
5224,Fossil Fighters: Frontier,3DS,2014,Role-Playing,Nintendo,360000,57,"RED Entertainment, Spike Chunsoft",E10+
5230,Watch Dogs 2,XOne,2016,Action,Ubisoft,360000,83,Ubisoft Montreal,M
5241,ESPN: Sports Connection,WiiU,2012,Sports,Ubisoft,360000,31,Ubisoft,E
5245,Dragon's Crown,PSV,2013,Role-Playing,Nippon Ichi Software,350000,78,Vanillaware,T
5248,Wipeout 2048,PSV,2012,Racing,Sony Computer Entertainment,350000,79,Studio Liverpool,E10+
5257,Middle-Earth: Shadow of Mordor,PC,2014,Action,Warner Bros. Interactive Entertainment,350000,84,Monolith Productions,M
5285,Homefront: The Revolution,PS4,2016,Shooter,Deep Silver,350000,48,Deep Silver Dambuster Studios,M
5286,Assassin's Creed III,WiiU,2012,Action,Ubisoft,350000,85,Ubisoft Quebec,M
5287,One Piece: Burning Blood,PS4,2016,Fighting,Namco Bandai Games,350000,66,Spike Chunsoft,T
5291,Toukiden: The Age of Demons,PSV,2013,Action,Tecmo Koei,350000,71,Omega Force,T
5295,Football Manager 2016,PC,2015,Simulation,Sega,350000,81,Sega,E
5317,LEGO Marvel's Avengers,XOne,2016,Action,Warner Bros. Interactive Entertainment,350000,71,TT Games,E10+
5320,Mirror's Edge Catalyst,PS4,2016,Platform,Electronic Arts,350000,69,EA DICE,T
5321,Sniper Elite 3,XOne,2014,Shooter,505 Games,350000,63,Rebellion,M
5338,TrackMania Turbo,PS4,2016,Action,Ubisoft,350000,81,Nadeo,E
5348,Call of Duty: Ghosts,WiiU,2013,Shooter,Activision,340000,69,Treyarch,M
5379,Company of Heroes 2,PC,2013,Strategy,THQ,340000,80,Relic,M
5388,Rayman Legends,XOne,2014,Platform,Ubisoft,340000,91,Ubisoft Montpellier,E10+
5439,World of Final Fantasy,PS4,2016,Role-Playing,Square Enix,330000,77,Square Enix,E10+
5444,NHL 17,PS4,2016,Sports,Electronic Arts,330000,78,"EA Canada, EA Vancouver",E10+
5470,LEGO Batman 2: DC Super Heroes,PSV,2012,Action,Warner Bros. Interactive Entertainment,330000,62,TT Games,E10+
5502,Dragon Ball Z: Extreme Butoden,3DS,2015,Fighting,Namco Bandai Games,330000,61,Arc System Works,T
5519,Medal of Honor: Warfighter,PC,2012,Action,Electronic Arts,330000,55,Danger Close,M
5525,Danganronpa: Trigger Happy Havoc,PSV,2013,Misc,Nippon Ichi Software,330000,80,Spike Chunsoft,M
5564,Hatsune Miku: Project Mirai DX,3DS,2015,Misc,Sega,320000,80,Sega,E10+
5565,Just Dance 2016,XOne,2015,Misc,Ubisoft,320000,66,Ubisoft,E10+
5583,Dragon Ball: XenoVerse,XOne,2015,Fighting,Namco Bandai Games,320000,67,Dimps Corporation,T
5609,World of Warcraft: Legion,PC,2016,Role-Playing,Activision,320000,88,Blizzard Entertainment,T
5610,Hatsune Miku: Project Diva F 2nd,PSV,2014,Misc,Sega,320000,81,Sega,T
5630,Persona 4: Dancing All Night,PSV,2015,Misc,Nippon Ichi Software,320000,76,"Atlus, Dingo Inc.",T
5648,Murdered: Soul Suspect,PS4,2014,Action,Square Enix,320000,59,Airtight Games,M
5703,Batman: Arkham Origins,PC,2013,Action,Warner Bros. Interactive Entertainment,310000,74,Iron Galaxy Studios,T
5730,Batman: Arkham Origins,WiiU,2013,Action,Warner Bros. Interactive Entertainment,310000,68,Human Head Studios,T
5735,Sonic Boom: Rise of Lyric,WiiU,2014,Action,Sega,310000,32,Big Red Button Entertainment,E10+
5746,Tropico 5,PS4,2015,Simulation,Kalypso Media,310000,76,Haemimont,T
5749,LEGO Legends of Chima: Laval's Journey,3DS,2013,Adventure,Warner Bros. Interactive Entertainment,310000,65,TT Games,E10+
5753,Skylanders: SuperChargers,PS4,2015,Action,Activision,310000,81,Vicarious Visions,E10+
5838,Kingdoms of Amalur: Reckoning,PC,2012,Role-Playing,Electronic Arts,300000,81,Big Huge Games,M
5840,Mario Party: Star Rush,3DS,2016,Misc,Nintendo,300000,68,"Nintendo, Nd Cube",E
5849,Naruto Shippuden: Ultimate Ninja Storm 4,XOne,2016,Fighting,Namco Bandai Games,300000,81,CyberConnect2,T
5854,Batman: Arkham VR,PS4,2016,Action,Warner Bros. Interactive Entertainment,300000,75,Rocksteady Studios,M
5887,Madden NFL 13,PSV,2012,Sports,Electronic Arts,300000,63,EA Tiburon,E
5903,Sword Art Online: Hollow Fragment,PSV,2014,Role-Playing,Namco Bandai Games,300000,67,Bandai Namco Games,T
5926,Lego Star Wars: The Force Awakens,XOne,2016,Action,Warner Bros. Interactive Entertainment,300000,76,TT Games,E10+
5969,Modnation Racers: Road Trip,PSV,2012,Racing,Sony Computer Entertainment,290000,62,SCEA,E
5989,Deadpool,PS4,2015,Action,Activision,290000,60,High Moon Studios,M
5990,UEFA Euro 2016,PS4,2016,Sports,Konami Digital Entertainment,290000,72,Konami,E
6023,Borderlands: The Pre-Sequel,PC,2014,Shooter,Take-Two Interactive,290000,75,2K Australia,M
6029,FIFA Soccer 13,3DS,2012,Action,Electronic Arts,290000,68,Electronic Arts,E
6038,Sonic Boom: Shattered Crystal,3DS,2014,Action,Sega,290000,47,Sanzaru Games,E
6049,Metal Gear Solid V: Ground Zeroes,XOne,2014,Action,Konami Digital Entertainment,290000,76,Kojima Productions,M
6057,Disgaea 5: Alliance of Vengeance,PS4,2015,Role-Playing,Nippon Ichi Software,290000,80,Nippon Ichi Software,T
6082,Assassin's Creed IV: Black Flag,WiiU,2013,Action,Ubisoft,290000,86,Ubisoft,M
6098,FIFA 15,PC,2014,Sports,Electronic Arts,280000,82,EA Sports,E
6119,LEGO The Lord of the Rings,PSV,2012,Action,Warner Bros. Interactive Entertainment,280000,54,TT Games,E10+
6193,NES Remix,WiiU,2014,Action,Nintendo,280000,71,Indies Zero,E
6276,The Evil Within,PC,2014,Action,Bethesda Softworks,270000,68,Tango Gameworks,M
6308,Sing Party,WiiU,2012,Misc,Nintendo,270000,60,FreeStyleGames,E10+
6323,Rory McIlroy PGA Tour,XOne,2015,Action,Electronic Arts,270000,60,EA Tiburon,E
6326,LEGO The Hobbit,XOne,2014,Action,Warner Bros. Interactive Entertainment,270000,69,TT Games,E10+
6351,Batman: Arkham Origins Blackgate,3DS,2013,Action,Warner Bros. Interactive Entertainment,270000,68,Armature Studio,T
6378,Ultimate NES Remix,3DS,2014,Action,Unknown,270000,69,Indies Zero,E
6428,Batman: Return to Arkham,PS4,2016,Action,Warner Bros. Interactive Entertainment,260000,73,"Rocksteady Studios, Virtuos",T
6449,Tearaway Unfolded,PS4,2015,Platform,Sony Computer Entertainment,260000,81,Media Molecule,E
6470,Etrian Odyssey Untold: The Millennium Girl,3DS,2013,Role-Playing,Atlus,260000,80,Atlus,T
6488,WWE 2K17,XOne,2016,Sports,Take-Two Interactive,260000,68,Yuke's,T
6493,Project CARS,XOne,2015,Racing,Slightly Mad Studios,260000,81,Slightly Mad Studios,E
6538,Battleborn,PS4,2016,Shooter,Take-Two Interactive,260000,68,Gearbox Software,T
6630,The Legend of Legacy,3DS,2015,Role-Playing,FuRyu,250000,67,FuRyu,E10+
6639,PlayStation VR Worlds,PS4,2016,Misc,Sony Computer Entertainment,250000,59,Sony Interactive Entertainment,M
6657,Anno 2205,PC,2015,Strategy,Ubisoft,250000,72,Blue Byte,E10+
6683,Need for Speed Rivals,PC,2013,Racing,Electronic Arts,250000,76,Ghost Games,E10+
6754,Sid Meier's Civilization VI,PC,2016,Strategy,Take-Two Interactive,250000,88,Firaxis Games,E10+
6757,Sword Art Online: Lost Song,PS4,2015,Role-Playing,Namco Bandai Games,250000,63,"Bandai Namco Games, Artdink",T
6759,F1 2015,XOne,2015,Racing,Codemasters,250000,64,Codemasters,E
6764,Sly Cooper: Thieves in Time,PSV,2013,Platform,Sony Computer Entertainment Europe,250000,75,Sanzaru Games,E10+
6769,Hitman: Absolution,PC,2012,Action,Square Enix,240000,79,"Io Interactive, Nixxes Software",M
6770,Stella Glow,3DS,2015,Role-Playing,Atlus,240000,79,"Image Epoch, Imageepoch",T
6773,Trials Fusion,XOne,2014,Racing,Ubisoft,240000,80,RedLynx,E10+
6778,Onechanbara Z2: Chaos,PS4,2014,Action,Nippon Ichi Software,240000,57,"Tamsoft, D3Publisher",M
6780,Skylanders SWAP Force,3DS,2013,Platform,Activision,240000,68,n-Space,E10+
6788,Skylanders: SuperChargers,XOne,2015,Action,Activision,240000,76,Vicarious Visions,E10+
6789,Ys: Memories of Celceta,PSV,2012,Action,Nihon Falcom Corporation,240000,82,Falcom,T
6796,Samurai Warriors 4,PS4,2014,Action,Tecmo Koei,240000,76,Omega Force,T
6829,Total War: Attila,PC,2015,Strategy,Sega,240000,80,Creative Assembly,T
6855,NHL 17,XOne,2016,Sports,Electronic Arts,240000,77,"EA Canada, EA Vancouver",E10+
6878,Etrian Mystery Dungeon,3DS,2015,Role-Playing,Nippon Ichi Software,240000,77,Spike Chunsoft,E10+
6879,Zumba Fitness: World Party,XOne,2013,Misc,Majesco Entertainment,240000,73,Zoe Mode,E
6892,Rocket League,XOne,2016,Sports,505 Games,240000,87,Psyonix,E
6912,NBA Live 14,PS4,2013,Sports,Electronic Arts,240000,43,EA Sports,E
6917,LEGO Marvel's Avengers,WiiU,2016,Action,Warner Bros. Interactive Entertainment,240000,69,TT Games,E10+
6956,NBA Live 15,PS4,2014,Sports,Electronic Arts,230000,59,EA Sports,E
6974,Hatsune Miku: Project Diva f,PSV,2012,Misc,Sega,230000,81,Sega,T
6975,The Legend of Heroes: Trails of Cold Steel,PSV,2013,Role-Playing,Nippon Ichi Software,230000,77,Falcom,T
6996,XCOM 2,PC,2016,Strategy,Take-Two Interactive,230000,88,Firaxis Games,T
7032,Epic Mickey 2: The Power of Two,WiiU,2012,Action,Disney Interactive Studios,230000,57,Junction Point,E
7039,Tom Clancy's Rainbow Six: Siege,PC,2015,Shooter,Ubisoft,230000,79,Ubisoft Montreal,M
7067,Madden NFL 13,WiiU,2012,Sports,Electronic Arts,230000,75,EA Tiburon,E
7072,Transformers: Devastation,PS4,2015,Action,Activision,230000,77,PlatinumGames,T
7085,Toukiden Kiwami,PSV,2014,Action,Tecmo Koei,230000,82,"Omega Force, Koei Tecmo Games",T
7096,Lumines: Electronic Symphony,PSV,2012,Misc,Ubisoft,230000,83,Q Entertainment,E
7105,Spec Ops: The Line,PC,2012,Shooter,Take-Two Interactive,230000,76,Yager,M
7156,Risen 2: Dark Waters,PC,2012,Role-Playing,Deep Silver,220000,69,Piranha Bytes,M
7165,Soul Sacrifice Delta,PSV,2014,Action,Sony Computer Entertainment,220000,82,SCE Japan Studio,M
7172,Ride,PS4,2015,Racing,Milestone S.r.l.,220000,66,Milestone S.r.l,E
7174,Spirit Camera: The Cursed Memoir,3DS,2012,Adventure,Nintendo,220000,54,Tecmo Koei Games,T
7206,The Sims 4: Get Together,PC,2015,Simulation,Electronic Arts,220000,72,Maxis,T
7234,Dishonored 2,XOne,2016,Action,Bethesda Softworks,220000,88,Arkane Studios,M
7246,Lords of the Fallen,XOne,2014,Role-Playing,Square Enix,220000,71,"City Interactive, Deck 13",M
7247,LEGO The Lord of the Rings,PC,2012,Action,Warner Bros. Interactive Entertainment,220000,80,TT Games,E10+
7255,Senran Kagura 2: Deep Crimson ,3DS,2014,Action,Marvelous Entertainment,220000,58,Tamsoft,M
7297,Angry Birds Star Wars,PS4,2013,Strategy,Activision,210000,47,Exient Entertainment,E
7338,Code Name: S.T.E.A.M.,3DS,2015,Strategy,Nintendo,210000,69,Intelligent Systems,T
7372,Dragon Ball: Fusions,3DS,2016,Role-Playing,Namco Bandai Games,210000,68,Ganbarion,T
7384,Assassin's Creed Syndicate,PC,2015,Action,Ubisoft,210000,74,Ubisoft Quebec,M
7402,World of Final Fantasy,PSV,2016,Role-Playing,Square Enix,210000,77,Square Enix,E10+
7403,Danganronpa Another Episode: Ultra Despair Girls,PSV,2014,Action,Nippon Ichi Software,210000,72,Spike Chunsoft,M
7408,The Wolf Among Us,PS4,2014,Adventure,Telltale Games,210000,83,Telltale Games,M
7416,Heroes of Ruin,3DS,2012,Role-Playing,Nintendo,210000,69,n-Space,T
7435,NBA Live 15,XOne,2014,Sports,Electronic Arts,210000,53,EA Sports,E
7447,J Stars Victory Vs.,PSV,2014,Fighting,Namco Bandai Games,210000,74,Bandai Namco Games,T
7458,Mega Man Legacy Collection,3DS,2016,Platform,Capcom,210000,77,Digital Eclipse,E
7467,Defiance,PC,2013,Shooter,Trion Worlds,210000,64,Trion Worlds,M
7480,Tony Hawk's Pro Skater 5,PS4,2015,Sports,Activision,210000,32,Robomodo,T
7506,Assassin's Creed The Ezio Collection,PS4,2016,Action,Ubisoft,200000,72,Ubisoft Montreal,M
7508,God of War Collection,PSV,2014,Action,Sony Computer Entertainment,200000,73,"Sanzaru Games, Sanzaru Games, Inc.",M
7536,Disney's Planes,WiiU,2013,Simulation,Disney Interactive Studios,200000,51,Behaviour Interactive,E
7565,Code of Princess,3DS,2012,Action,Agatsuma Entertainment,200000,67,Studio Saizensen,T
7576,FIFA 16,PC,2015,Sports,Electronic Arts,200000,81,EA Sports,E
7580,NBA Live 14,XOne,2013,Sports,Electronic Arts,200000,36,EA Sports,E
7584,Dragon Ball: Xenoverse 2,XOne,2016,Action,Namco Bandai Games,200000,73,Dimps Corporation,T
7586,Odin Sphere: Leifthrasir,PS4,2016,Role-Playing,Nippon Ichi Software,200000,87,Vanillaware,T
7618,Tekken 3D: Prime Edition,3DS,2012,Fighting,Nintendo,200000,64,Arika,T
7640,Dying Light,PC,2015,Action,Warner Bros. Interactive Entertainment,200000,75,Techland,M
7663,Dungeon Hunter Alliance,PSV,2012,Action,Ubisoft,200000,49,Ubisoft,T
7674,Silent Hill: Book of Memories,PSV,2012,Action,Konami Digital Entertainment,200000,58,WayForward,M
7756,Bound By Flame,PS4,2014,Role-Playing,Focus Home Interactive,190000,53,Spiders,M
7772,LEGO Marvel's Avengers,3DS,2016,Action,Warner Bros. Interactive Entertainment,190000,60,TT Games,E10+
7779,Mafia III,PC,2016,Action,Take-Two Interactive,190000,63,Hangar 13,M
7791,Fighter Within,XOne,2013,Fighting,Ubisoft,190000,23,Ubisoft,T
7811,Guitar Hero Live,WiiU,2015,Misc,Activision,190000,84,"Activision, FreeStyleGames",T
7820,Dynasty Warriors 8: Empires,PS4,2014,Action,Tecmo Koei,190000,63,Omega Force,T
7839,South Park: The Stick of Truth,PC,2014,Role-Playing,Ubisoft,190000,85,Obsidian Entertainment,M
7843,MLB 12: The Show,PSV,2012,Sports,Sony Computer Entertainment,190000,76,SCEA San Diego Studios,E
7860,Injustice: Gods Among Us,WiiU,2013,Fighting,Warner Bros. Interactive Entertainment,190000,82,NetherRealm Studios,T
7874,Metro: Last Light,PC,2013,Action,Deep Silver,190000,82,4A Games,M
7875,Evolve,PC,2015,Shooter,Take-Two Interactive,190000,77,Turtle Rock Studios,M
7877,Resident Evil: Revelations,WiiU,2013,Action,Capcom,190000,80,Capcom,M
7896,Street Fighter X Tekken,PSV,2012,Fighting,Capcom,190000,79,Capcom,T
7898,The Legend of Heroes: Trails of Cold Steel II,PSV,2014,Role-Playing,Nippon Ichi Software,190000,80,Falcom,T
7916,Tom Clancy's Splinter Cell: Blacklist,PC,2013,Action,Ubisoft,190000,82,Ubisoft Toronto,M
7956,Saints Row IV,PC,2013,Action,Deep Silver,190000,86,Volition Inc.,M
7959,Dance Central: Spotlight,XOne,2014,Misc,Microsoft Game Studios,190000,74,Harmonix Music Systems,T
7967,Sword Art Online: Hollow Realization,PS4,2016,Role-Playing,Namco Bandai Games,190000,69,Bandai Namco Games,T
8013,Shape Up,XOne,2014,Misc,Ubisoft,180000,58,Ubisoft Montreal,E
8058,Saint Seiya: Soldiers' Soul,PS4,2015,Fighting,Namco Bandai Games,180000,59,Dimps Corporation,T
8060,LEGO Harry Potter: Years 5-7,PSV,2012,Action,Warner Bros. Interactive Entertainment,180000,64,Traveller's Tales,E10+
8063,Corpse Party: Blood Drive,PSV,2014,Adventure,Marvelous Interactive,180000,60,5pb,M
8070,MotoGP 14 ,PS4,2014,Racing,Milestone S.r.l.,180000,73,Milestone S.r.l,E
8084,Valhalla Knights 3,PSV,2013,Role-Playing,Xseed Games,180000,48,K2,M
8092,Senran Kagura: Estival Versus,PSV,2015,Action,Marvelous Interactive,180000,71,Marvelous Inc.,M
8120,Aliens: Colonial Marines,PC,2013,Shooter,Sega,180000,45,Gearbox Software,M
8144,Senran Kagura: Estival Versus,PS4,2015,Action,Marvelous Interactive,180000,67,Marvelous Inc.,M
8199,NBA Live 16,PS4,2015,Sports,Electronic Arts,180000,59,EA Sports,E
8202,Dark Souls II,PC,2014,Role-Playing,Namco Bandai Games,170000,91,From Software,T
8207,Project Spark,XOne,2014,Misc,Microsoft Game Studios,170000,73,Microsoft Game Studios,E10+
8250,Toukiden Kiwami,PS4,2015,Action,Tecmo Koei,170000,74,Koei Tecmo Games,T
8252,The Secret World,PC,2012,Role-Playing,Funcom,170000,74,Funcom,M
8286,Tom Clancy's Ghost Recon: Future Soldier,PC,2012,Shooter,Ubisoft,170000,71,Ubisoft Paris,M
8309,Danganronpa 2: Goodbye Despair,PSV,2014,Misc,Nippon Ichi Software,170000,81,Spike Chunsoft,M
8339,Conception II: Children of the Seven Stars,PSV,2013,Role-Playing,Screenlife,170000,62,Spike,M
8340,Deus Ex: Mankind Divided,XOne,2016,Role-Playing,Square Enix,170000,83,Eidos Montreal,M
8368,Bladestorm: Nightmare,PS4,2015,Action,Tecmo Koei,170000,58,Omega Force,T
8370,LEGO Marvel Super Heroes,PC,2013,Action,Warner Bros. Interactive Entertainment,170000,78,TT Games,E10+
8389,Demon Gaze,PSV,2013,Role-Playing,Nippon Ichi Software,170000,70,Experience Inc.,T
8422,Mobile Suit Gundam: Extreme VS Force,PSV,2015,Action,Namco Bandai Games,170000,57,Bandai Namco Games,E10+
8447,One Piece: Pirate Warriors 3,PSV,2015,Action,Namco Bandai Games,170000,76,Omega Force,T
8454,7th Dragon III Code: VFD,3DS,2015,Role-Playing,Sega,170000,77,Sega,T
8464,Far Cry: Primal,PC,2016,Action,Ubisoft,160000,74,Ubisoft Montreal,M
8492,Mirror's Edge Catalyst,XOne,2016,Platform,Electronic Arts,160000,72,EA DICE,T
8519,Return to PopoloCrois: A Story of Seasons Fairytale,3DS,2015,Simulation,Marvelous Entertainment,160000,72,Marvelous Inc.,E10+
8538,Murdered: Soul Suspect,XOne,2014,Action,Square Enix,160000,51,Airtight Games,M
8590,The Crew,PC,2014,Racing,Ubisoft,160000,71,"Ubisoft Reflections, Ivory Tower",T
8602,The Sims 3: Seasons,PC,2012,Simulation,Electronic Arts,160000,73,The Sims Studio,T
8608,Angry Birds Star Wars,XOne,2013,Strategy,Activision,160000,53,Exient Entertainment,E
8627,BioShock The Collection,XOne,2016,Shooter,Take-Two Interactive,160000,84,2K Games,M
8637,Putty Squad,PS4,2013,Platform,System 3,160000,38,System 3,E10+
8658,Wildstar,PC,2014,Role-Playing,NCSoft,160000,82,Carbine Studios,T
8728,Fantasia: Music Evolved,XOne,2014,Misc,Disney Interactive Studios,150000,77,Harmonix Music Systems,E10+
8748,Naruto: Powerful Shippuden,3DS,2012,Platform,Namco Bandai Games,150000,71,Inti Creates,E10+
8764,Darksiders II,PC,2012,Action,Nordic Games,150000,81,Vigil Games,M
8770,Darksiders II,WiiU,2012,Action,THQ,150000,85,Vigil Games,M
8836,Oreshika: Tainted Bloodlines,PSV,2014,Role-Playing,Sony Computer Entertainment,150000,78,Alfa System,T
8884,Battleborn,XOne,2016,Shooter,Take-Two Interactive,150000,71,Gearbox Software,T
8887,The King of Fighters XIV,PS4,2016,Fighting,Deep Silver,150000,79,SNK Playmore,T
8889,Sword Art Online: Hollow Realization,PSV,2016,Role-Playing,Namco Bandai Games,150000,60,Bandai Namco Games,T
8900,LEGO Harry Potter Collection,PS4,2016,Action,Warner Bros. Interactive Entertainment,150000,73,Warner Bros. Interactive Entertainment,E10+
8944,Lego Star Wars: The Force Awakens,WiiU,2016,Action,Warner Bros. Interactive Entertainment,150000,74,TT Games,E10+
8969,Rayman Origins,3DS,2012,Platform,Ubisoft,150000,71,UBlart Montpellier,E10+
8980,ReCore,XOne,2016,Action,Microsoft Game Studios,150000,63,"Armature Studio, comcept",T
8982,F1 2012,PC,2012,Racing,Codemasters,150000,80,Codemasters,E
9003,Skylanders Giants,3DS,2012,Action,Activision,140000,59,n-Space,E10+
9013,BlazBlue: Chrono Phantasma Extend,PS4,2015,Action,PQube,140000,80,Arc System Works,T
9036,Alien: Isolation,PC,2014,Shooter,Sega,140000,81,Creative Assembly,M
9038,Just Cause 3,PC,2015,Action,Square Enix,140000,74,Avalanche Studios,M
9100,Skylanders Imaginators,PS4,2016,Platform,Activision,140000,80,Toys for Bob,E10+
9118,XCOM 2,PS4,2016,Strategy,Take-Two Interactive,140000,88,Firaxis Games,T
9121,Pro Evolution Soccer 2015,XOne,2014,Sports,Konami Digital Entertainment,140000,79,Konami,E
9136,Cities: Skylines,PC,2015,Simulation,Paradox Interactive,140000,85,Colossal Order,E
9144,Shovel Knight,3DS,2015,Platform,Yacht Club Games,140000,90,Yacht Club Games,E
9179,Odin Sphere: Leifthrasir,PSV,2016,Role-Playing,Nippon Ichi Software,140000,93,Vanillaware,T
9180,Homefront: The Revolution,XOne,2016,Shooter,Deep Silver,140000,49,Deep Silver Dambuster Studios,M
9198,7 Days to Die,PS4,2016,Action,Telltale Games,140000,45,The Fun Pimps Entertainment LLC,M
9199,Rayman Legends,PSV,2014,Platform,Ubisoft,140000,87,Ubisoft Montpellier,E10+
9208,Transformers: Devastation,XOne,2015,Action,Activision,140000,75,PlatinumGames,T
9209,The Darkness II,PC,2012,Shooter,Take-Two Interactive,140000,77,Digital Extremes,M
9225,Dead Island Definitive Collection,PS4,2016,Action,Deep Silver,140000,63,Techland,M
9238,Battlefield: Hardline,PC,2015,Shooter,Electronic Arts,140000,71,Visceral Games,M
9242,Brothers: A Tale of Two Sons,PS4,2015,Adventure,505 Games,140000,81,Starbreeze,T
9293,Call of Duty: Infinite Warfare,PC,2016,Shooter,Activision,140000,73,Infinity Ward,M
9316,Your Shape: Fitness Evolved 2013,WiiU,2012,Action,Ubisoft,130000,76,Blue Byte,E10+
9375,Life is Strange,XOne,2016,Adventure,Square Enix,130000,85,DONTNOD Entertainment,M
9426,Gravity Rush Remastered,PS4,2015,Action,Sony Computer Entertainment,130000,80,Bluepoint Games,T
9428,Dengeki Bunko Fighting Climax,PSV,2014,Fighting,Sega,130000,75,Sega,T
9434,Total War: WARHAMMER,PC,2016,Strategy,Sega,130000,86,Creative Assembly,T
9441,LEGO Legends of Chima: Laval's Journey,PSV,2013,Adventure,Warner Bros. Interactive Entertainment,130000,64,TT Games,E10+
9461,Batman: Arkham Knight,PC,2015,Action,Warner Bros. Interactive Entertainment,130000,70,"Rocksteady Studios, Iron Galaxy Studios",M
9500,Final Fantasy XIV: Heavensward,PS4,2015,Action,Square Enix,130000,86,Square Enix,T
9512,Watch Dogs,WiiU,2014,Action,Ubisoft,130000,62,Ubisoft Romania,M
9520,Game Party: Champions,WiiU,2012,Action,Warner Bros. Interactive Entertainment,130000,24,"Phosphor Games Studio, LLC",E
9537,Deception IV: Blood Ties,PSV,2014,Action,Tecmo Koei,130000,67,Koei Tecmo Games,M
9546,One Piece: Unlimited World Red,PSV,2014,Action,Namco Bandai Games,130000,67,Ganbarion,T
9574,Hyperdevotion Noire: Goddess Black Heart,PSV,2014,Role-Playing,Idea Factory,130000,68,Sting,T
9598,NBA 2K13,WiiU,2012,Sports,Take-Two Interactive,130000,85,Visual Concepts,E
9643,Project CARS,PC,2015,Racing,Slightly Mad Studios,130000,83,Slightly Mad Studios,E
9658,Crush3D,3DS,2012,Platform,Sega,120000,71,Zoe Mode,E10+
9669,DiRT Rally,XOne,2016,Racing,Codemasters,120000,86,Codemasters,E
9675,Sleeping Dogs,PC,2012,Action,Square Enix ,120000,81,United Front Games,M
9710,Conception II: Children of the Seven Stars,3DS,2013,Role-Playing,Screenlife,120000,62,Spike,M
9767,Don Bradman Cricket 14,PS4,2015,Sports,Tru Blu Entertainment,120000,76,Big Ant Studios,E
9799,Rise of the Tomb Raider,PC,2016,Adventure,Square Enix,120000,86,"Crystal Dynamics, Nixxes Software",M
9803,Hatsune Miku: Project Diva X,PSV,2016,Misc,Sega,120000,83,Sega,T
9815,Dishonored 2,PC,2016,Action,Bethesda Softworks,120000,86,Arkane Studios,M
9853,Tony Hawk's Pro Skater 5,XOne,2015,Sports,Activision,120000,39,Robomodo,T
9855,Rodea the Sky Soldier,WiiU,2015,Action,Nippon Ichi Software,120000,45,"Prope, Kadokawa",E10+
9903,Marvel Avengers: Battle for Earth,WiiU,2012,Action,Ubisoft,120000,50,Ubisoft Quebec,T
9913,Tom Clancy's Splinter Cell: Blacklist,WiiU,2013,Action,Ubisoft,120000,75,Ubisoft Toronto,M
9923,Samurai Warriors 4-II,PS4,2015,Action,Tecmo Koei,120000,73,Omega Force,T
9942,LEGO Batman 2: DC Super Heroes,WiiU,2013,Action,Warner Bros. Interactive Entertainment,120000,77,TT Games,E10+
9947,Tropico 5,PC,2014,Simulation,Kalypso Media,120000,75,Haemimont,T
9950,Reality Fighters,PSV,2012,Fighting,Sony Computer Entertainment,120000,54,Novarama,T
9956,FIFA 17,PC,2016,Sports,Electronic Arts,120000,84,"EA Sports, EA Vancouver",E
10016,Rugby 15,PS4,2015,Sports,Bigben Interactive,110000,19,HB Studios Multimedia,E
10027,Disney Art Academy,3DS,2016,Action,Nintendo,110000,72,Headstrong Games,E
10031,Hyperdimension Neptunia U: Action Unleashed,PSV,2014,Action,Idea Factory International,110000,71,Tamsoft,T
10063,Fatal Frame: Maiden of Black Water,WiiU,2014,Action,Nintendo,110000,67,Koei Tecmo Games,M
10075,MLB 13: The Show,PSV,2013,Sports,Sony Computer Entertainment,110000,75,SCEA San Diego Studios,E
10156,Digimon Story: Cyber Sleuth,PS4,2016,Role-Playing,Namco Bandai Games,110000,75,Media Vision,T
10199,Valkyrie Drive: Bhikkhuni,PSV,2015,Action,PQube,110000,72,Marvelous Inc.,M
10217,Samurai Warriors 4,PSV,2014,Action,Tecmo Koei,110000,76,Omega Force,T
10255,Batman: Return to Arkham,XOne,2016,Action,Warner Bros. Interactive Entertainment,110000,77,"Rocksteady Studios, Virtuos",T
10290,RIGS: Mechanized Combat League,PS4,2016,Action,Sony Computer Entertainment,110000,79,Guerilla Cambridge,T
10298,NBA Live 16,XOne,2015,Sports,Electronic Arts,110000,60,EA Sports,E
10316,[Prototype 2],PC,2012,Action,Activision,110000,76,Radical Entertainment,M
10327,God Eater 2: Rage Burst,PS4,2015,Role-Playing,Namco Bandai Games,110000,69,Shift,T
10344,Pro Evolution Soccer 2016,XOne,2015,Sports,Konami Digital Entertainment,110000,85,Konami,E
10350,ArmA III,PC,2013,Shooter,Bohemia Interactive,110000,74,Bohemia Interactive,M
10359,MLB 14: The Show,PSV,2014,Sports,Sony Computer Entertainment America,110000,68,SCEA San Diego Studios,E
10389,Dragon Ball Z: Battle of Z,PSV,2014,Fighting,Namco Bandai Games,110000,66,Artdink,T
10416,Mind Zero,PSV,2013,Role-Playing,GungHo,100000,59,Zerodiv,T
10453,Wasteland 2,PC,2015,Role-Playing,inXile Entertainment,100000,81,InXile Entertainment,M
10459,Pro Evolution Soccer 2014,PC,2013,Action,Konami Digital Entertainment,100000,74,Konami,E
10516,Ride,XOne,2015,Racing,Milestone S.r.l.,100000,54,Milestone S.r.l,E
10528,The Sims 4: City Living,PC,2016,Simulation,Electronic Arts,100000,77,Maxis,T
10568,Scribblenauts Unmasked: A DC Comics Adventure,WiiU,2013,Puzzle,Warner Bros. Interactive Entertainment,100000,71,5TH Cell,E10+
10577,Terraria,PSV,2013,Action,Screenlife,100000,85,Engine Software,T
10592,Scribblenauts Unmasked: A DC Comics Adventure,3DS,2013,Puzzle,Warner Bros. Interactive Entertainment,100000,68,5TH Cell,E10+
10606,Resident Evil: Revelations 2,PSV,2015,Action,Capcom,100000,65,Frima Studio,M
10621,Resident Evil: Revelations 2,XOne,2015,Action,Capcom,100000,75,Capcom,M
10708,Steins;Gate,PSV,2013,Adventure,PQube,100000,83,5pb,M
10725,Ultra Street Fighter IV,PS4,2015,Fighting,Capcom,100000,71,Other Ocean Interactive,T
10726,EVE: Valkyrie,PS4,2016,Shooter,CCP,100000,73,CCP,T
10729,The Crew: Wild Run,PS4,2015,Action,Ubisoft,100000,73,Ivory Tower,T
10737,Natural Doctrine,PS4,2014,Role-Playing,Nippon Ichi Software,100000,53,Kadokawa,M
10753,F1 2014,PC,2014,Racing,Codemasters,100000,61,Codemasters Birmingham,E
10778,Shovel Knight,WiiU,2015,Platform,Yacht Club Games,100000,88,Yacht Club Games,E
10784,Operation Abyss: New Tokyo Legacy,PSV,2014,Role-Playing,Nippon Ichi Software,100000,66,Experience Inc.,M
10803,Samurai Warriors 4: Empires,PS4,2015,Action,Tecmo Koei,100000,71,Omega Force,T
10822,Skylanders Imaginators,XOne,2016,Platform,Activision,100000,78,Toys for Bob,E10+
10826,One Piece: Burning Blood,PSV,2016,Fighting,Namco Bandai Games,100000,62,Spike Chunsoft,T
10849,Brain Age: Concentration Training,3DS,2012,Puzzle,Nintendo,90000,71,Nintendo,E
10926,Teenage Mutant Ninja Turtles: Mutants in Manhattan,PS4,2016,Action,Activision,90000,44,PlatinumGames,T
10960,Steins;Gate 0,PSV,2015,Adventure,PQube,90000,86,5pb,M
10964,Football Manager 2017,PC,2016,Simulation,Sega,90000,81,Sports Interactive,E
11060,Pokemon Rumble World,3DS,2015,Action,Nintendo,90000,58,"Ambrella, The Pokemon Company",E10+
11076,DriveClub VR,PS4,2016,Racing,Sony Computer Entertainment,90000,67,Evolution Studios,E
11103,Arslan: The Warriors of Legend,PS4,2015,Action,Tecmo Koei,90000,69,Omega Force,T
11146,Wolfenstein: The Old Blood,PC,2015,Action,Bethesda Softworks,90000,76,MachineGames,M
11169,Terraria,3DS,2016,Action,505 Games,90000,71,Re-Logic,T
11188,Risen 3: Titan Lords,PC,2014,Role-Playing,Deep Silver,90000,65,Piranha Bytes,M
11223,Rugby 15,XOne,2015,Sports,Bigben Interactive,90000,20,HB Studios Multimedia,E
11245,The Smurfs 2,WiiU,2013,Platform,Ubisoft,90000,42,WayForward,E
11246,Lara Croft and the Temple of Osiris,PS4,2014,Action,Square Enix,90000,74,Nixxes Software,T
11302,BlazBlue Central Fiction,PS4,2016,Fighting,PQube,80000,85,Arc System Works,T
11335,How to Train Your Dragon 2,WiiU,2014,Adventure,Little Orbit,80000,47,Torus Games,E10+
11363,The Golf Club,PS4,2014,Sports,Unknown,80000,66,HB Studios Multimedia,E
11370,God Eater Resurrection,PS4,2015,Action,Namco Bandai Games,80000,70,"Shift, Bandai Namco Games",T
11380,Shovel Knight,PS4,2015,Platform,Yacht Club Games,80000,90,Yacht Club Games,E
11385,Invizimals: The Alliance,PSV,2013,Action,Sony Computer Entertainment,80000,69,Novarama,E10+
11391,Pro Evolution Soccer 2013,PC,2012,Sports,Konami Digital Entertainment,80000,80,Konami,E
11398,Battleborn,PC,2016,Shooter,Take-Two Interactive,80000,69,Gearbox Software,T
11420,Mega Man Legacy Collection,PS4,2016,Platform,Capcom,80000,77,Digital Eclipse,E
11437,Adventure Time: The Secret of the Nameless Kingdom,3DS,2014,Action,Little Orbit,80000,65,WayForward,E10+
11451,Titanfall 2,PC,2016,Shooter,Electronic Arts,80000,85,Respawn Entertainment,M
11472,Warriors Orochi 3 Hyper,WiiU,2012,Action,Tecmo Koei,80000,64,Omega Force,T
11496,Sniper: Ghost Warrior 2,PC,2013,Shooter,City Interactive,80000,52,City Interactive,M
11577,Game of Thrones,PC,2012,Role-Playing,Focus Home Interactive,80000,58,"Cyanide, Cyanide Studios",M
11582,Lost Dimension,PSV,2014,Role-Playing,Nippon Ichi Software,80000,72,FuRyu,T
11584,Resident Evil 6,PS4,2016,Shooter,Capcom,80000,60,Capcom,M
11586,Assassin's Creed: Rogue,PC,2015,Action,Ubisoft,80000,74,Ubisoft,M
11605,X Rebirth,PC,2013,Simulation,Koch Media,80000,33,Egosoft,T
11610,Song of the Deep,PS4,2016,Action,Insomniac Games,80000,69,Insomniac Games,E
11630,Assassin's Creed The Ezio Collection,XOne,2016,Action,Ubisoft,80000,74,Ubisoft Montreal,M
11659,Metal Gear Solid V: The Phantom Pain,PC,2015,Action,Konami Digital Entertainment,80000,91,Kojima Productions,M
11678,Valentino Rossi: The Game,PS4,2016,Racing,Namco Bandai Games,80000,75,"Milestone, Milestone S.r.l",E
11682,Samurai Warriors Chronicles 3,3DS,2014,Action,Tecmo Koei,80000,63,Omega Force,T
11716,Need for Speed: Most Wanted,PC,2012,Racing,Electronic Arts,80000,82,Black Box,T
11726,Zero Escape: Zero Time Dilemma,3DS,2016,Adventure,Aksys Games,80000,81,"Spike Chunsoft, Chime",M
11746,Rayman Origins,PC,2012,Platform,Ubisoft,80000,86,UBlart Montpellier,E10+
11762,Grand Ages: Medieval,PS4,2015,Strategy,Kalypso Media,70000,64,Gaming Minds Studios,T
11873,Fairy Fencer F: Advent Dark Force,PS4,2015,Role-Playing,Idea Factory International,70000,71,Compile Heart,T
11892,Dark Souls III,PC,2016,Role-Playing,Namco Bandai Games,70000,89,From Software,M
11964,Grand Kingdom,PS4,2015,Role-Playing,Nippon Ichi Software,70000,78,Spike Chunsoft,T
11997,Child of Light,PSV,2014,Role-Playing,Ubisoft,70000,83,Ubisoft Montreal,E10+
12052,Tokyo Twilight Ghost Hunters,PSV,2014,Role-Playing,Aksys Games,70000,63,TOYBOX,T
12057,Earth Defense Force 2: Invaders from Planet Space,PSV,2014,Action,Xseed Games,70000,72,Sandlot,T
12062,Dynasty Warriors 8: Empires,XOne,2014,Action,Tecmo Koei,70000,58,Koei Tecmo Games,T
12108,The Testament of Sherlock Holmes,PC,2012,Adventure,Focus Home Interactive,70000,73,Frogwares,M
12118,Eagle Flight,PS4,2016,Adventure,Ubisoft,70000,72,"Ubisoft, FunHouse",E10+
12157,Assassin's Creed Chronicles,PSV,2016,Action,Ubisoft,70000,70,Climax Studios,T
12229,Terraria,PS4,2014,Action,505 Games,70000,83,Engine Software,T
12267,Natural Doctrine,PSV,2014,Role-Playing,Nippon Ichi Software,70000,60,Kadokawa,M
12275,Broken Sword 5: The Serpent's Curse,PS4,2015,Adventure,Revolution Software,70000,72,Revolution Software,T
12276,Alan Wake,PC,2012,Action,Nordic Games,60000,83,Remedy Entertainment,T
12307,GRID 2,PC,2013,Racing,Codemasters,60000,80,Codemasters,E
12312,Criminal Girls: Invite Only,PSV,2013,Role-Playing,Nippon Ichi Software,60000,55,"Image Epoch, Imageepoch",M
12314,Samurai Warriors Chronicles 3,PSV,2014,Action,Tecmo Koei,60000,70,Omega Force,T
12318,One Piece: Unlimited World Red,WiiU,2014,Action,Namco Bandai Games,60000,66,Ganbarion,T
12334,Mario vs. Donkey Kong: Tipping Stars,3DS,2015,Puzzle,Nintendo,60000,70,"Nintendo, Nintendo Software Technology",E
12369,Mirror's Edge Catalyst,PC,2016,Platform,Electronic Arts,60000,74,EA DICE,T
12392,Assetto Corsa,PS4,2016,Racing,505 Games,60000,73,Kunos Simulazioni,E
12400,One Piece: Burning Blood,XOne,2016,Fighting,Namco Bandai Games,60000,60,Spike Chunsoft,T
12401,TrackMania Turbo,XOne,2016,Action,Ubisoft,60000,76,Nadeo,E
12406,Zero Escape: Zero Time Dilemma,PSV,2016,Adventure,Aksys Games,60000,83,"Spike Chunsoft, Chime",M
12431,Nights of Azure,PS4,2015,Action,Tecmo Koei,60000,67,Gust,T
12434,Earth Defense Force 2017 Portable,PSV,2012,Action,D3Publisher,60000,68,Sandlot,T
12456,The LEGO Movie Videogame,PC,2014,Action,Warner Bros. Interactive Entertainment,60000,68,TT Games,E10+
12457,DuckTales: Remastered,WiiU,2013,Action,Capcom,60000,76,WayForward,E
12463,Grand Kingdom,PSV,2015,Role-Playing,Nippon Ichi Software,60000,76,Spike Chunsoft,T
12477,Earth Defense Force 4.1: The Shadow of New Despair,PS4,2015,Shooter,Xseed Games,60000,64,Sandlot,M
12492,The Technomancer,PS4,2016,Role-Playing,Focus Home Interactive,60000,60,Spiders,M
12538,Song of the Deep,XOne,2016,Action,Insomniac Games,60000,66,Insomniac Games,E
12605,Devil's Third,WiiU,2015,Action,Nintendo,60000,43,Valhalla Game Studios,M
12630,Lord of Magna: Maiden Heaven,3DS,2014,Role-Playing,Marvelous Entertainment,60000,68,Marvelous Inc.,T
12684,Exist Archive: The Other Side of the Sky,PSV,2015,Role-Playing,Aksys Games,60000,71,Tri-Ace,T
12720,Street Fighter V,PC,2016,Fighting,Capcom,60000,74,Capcom,T
12729,MX vs. ATV Supercross Encore,PS4,2015,Sports,Nordic Games,60000,42,Rainbow Studios,E
12757,Rugby World Cup 2015,PS4,2015,Sports,Ubisoft,60000,25,HB Studios Multimedia,E
12779,MotorStorm RC,PSV,2012,Racing,Sony Computer Entertainment,60000,78,Evolution Studios,E
12789,Remember Me,PC,2013,Action,Capcom,60000,65,DONTNOD Entertainment,M
12835,Rocket League,PC,2016,Sports,505 Games,60000,86,Psyonix,E
12864,7 Days to Die,XOne,2016,Action,Telltale Games,50000,35,The Fun Pimps Entertainment LLC,M
12928,Murdered: Soul Suspect,PC,2014,Action,Square Enix,50000,59,Airtight Games,M
12966,Mighty No. 9,PS4,2016,Platform,Deep Silver,50000,52,Inti Creates,E10+
13001,Dead Island Definitive Collection,XOne,2016,Action,Deep Silver,50000,67,Techland,M
13002,PAC-MAN and the Ghostly Adventures,WiiU,2013,Platform,Namco Bandai Games,50000,58,"Namco Bandai Games, Monkey Bar Games",E10+
13010,F1 2015,PC,2015,Racing,Codemasters,50000,61,Codemasters,E
13041,Killing Floor 2 ,PS4,2016,Shooter,Tripwire Interactive,50000,76,Tripwire Interactive,M
13048,Mortal Kombat X,PC,2015,Fighting,Warner Bros. Interactive Entertainment,50000,76,High Voltage Software,M
13055,Bladestorm: Nightmare,XOne,2015,Action,Tecmo Koei,50000,48,Omega Force,T
13068,Wasteland 2,XOne,2015,Role-Playing,Deep Silver,50000,77,InXile Entertainment,M
13093,The Bureau: XCOM Declassified,PC,2013,Shooter,Take-Two Interactive,50000,66,2K Marin,M
13144,Steins;Gate 0,PS4,2015,Adventure,PQube,50000,81,5pb,M
13215,Metroid Prime: Federation Force,3DS,2016,Action,Nintendo,50000,64,"Next Level Games, Nintendo",T
13222,Payday 2,PC,2013,Shooter,505 Games,50000,79,Overkill Software,M
13228,Hatsune Miku: Project Diva X,PS4,2016,Misc,Sega,50000,78,Sega,T
13241,Grand Ages: Medieval,PC,2015,Strategy,Kalypso Media,50000,63,Gaming Minds Studios,T
13251,Saints Row: Gat out of Hell,PS4,2015,Action,Deep Silver,50000,64,Volition Inc.,M
13260,Plants vs. Zombies: Garden Warfare 2,PC,2016,Shooter,Electronic Arts,50000,82,PopCap,E10+
13267,NASCAR Heat Evolution,PS4,2016,Racing,Dusenberry Martin Racing,50000,66,Dusenberry Martin Racing,E
13271,Child of Light,PS4,2014,Role-Playing,Ubisoft,50000,82,Ubisoft Montreal,E10+
13385,Pro Evolution Soccer 2017,XOne,2016,Sports,Konami Digital Entertainment,50000,87,Konami,E
13414,XCOM 2,XOne,2016,Strategy,Take-Two Interactive,50000,87,Firaxis Games,T
13438,Ride 2,PS4,2016,Racing,Milestone S.r.l,50000,71,Milestone S.r.l,E
13465,Root Letter,PSV,2016,Adventure,PQube,50000,78,Kadokawa,M
13478,Resident Evil 6,XOne,2016,Shooter,Capcom,50000,63,Capcom,M
13502,Sbastien Loeb Rally Evo,PS4,2016,Racing,Milestone S.r.l,40000,71,Milestone S.r.l,E
13536,Life is Strange,PC,2016,Adventure,Square Enix,40000,83,DONTNOD Entertainment,M
13550,Battlezone,PS4,2016,Action,Rebellion Developments,40000,66,Rebellion,T
13560,Pro Evolution Soccer 2016,PC,2015,Sports,Konami Digital Entertainment,40000,76,Konami,E
13562,Teenage Mutant Ninja Turtles: Mutants in Manhattan,XOne,2016,Action,Activision,40000,55,PlatinumGames,T
13589,Shantae and the Pirate's Curse,3DS,2015,Platform,Rising Star Games,40000,82,WayForward,E10+
13598,Nobunaga's Ambition: Sphere of Influence,PS4,2014,Strategy,Tecmo Koei,40000,80,Koei Tecmo Games,T
13632,LEGO Friends,3DS,2013,Action,Warner Bros. Interactive Entertainment,40000,43,Hellbent Games,E
13644,Brothers: A Tale of Two Sons,XOne,2015,Adventure,505 Games,40000,81,Starbreeze,T
13668,Nitroplus Blasterz: Heroines Infinite Duel,PS4,2015,Fighting,Marvelous Interactive,40000,70,"Examu, Marvelous Inc.",T
13676,Resident Evil 6,PC,2012,Shooter,Capcom,40000,69,"Capcom, QLOC",M
13695,Gravity Falls: Legend of the Gnome Gemulets,3DS,2015,Action,Ubisoft,40000,46,Ubisoft Osaka,E
13696,Rodea the Sky Soldier,3DS,2015,Action,Nippon Ichi Software,40000,45,"Prope, Kadokawa",E10+
13730,Rugby Challenge 3,PS4,2016,Sports,Alternative Software,40000,64,Wicked Witch Software,E
13777,Psycho-Pass: Mandatory Happiness,PS4,2016,Adventure,Nippon Ichi Software,40000,72,5pb,T
13788,Terraria,XOne,2014,Action,505 Games,40000,84,Engine Software,T
13842,Resident Evil: Revelations,PC,2013,Action,Capcom,40000,77,Capcom,M
13874,Dead Rising,PS4,2016,Action,Capcom,40000,78,Capcom,M
13895,Resident Evil: Operation Raccoon City,PC,2012,Action,Capcom,40000,48,Slant Six,M
13942,LEGO Jurassic World,PC,2015,Action,Warner Bros. Interactive Entertainment,40000,72,TT Games,E10+
13974,Lost Planet 3,PC,2013,Shooter,Capcom,40000,61,Spark Unlimited,T
13985,Beyblade Evolution,3DS,2013,Action,Rising Star Games,40000,49,Rising Star Games,E
13988,Castlevania: Lords of Shadow 2,PC,2014,Action,Konami Digital Entertainment,40000,58,Mercury Steam,M
13994,Exist Archive: The Other Side of the Sky,PS4,2015,Role-Playing,Aksys Games,40000,69,Tri-Ace,T
14002,Assassin's Creed Chronicles: China,PS4,2015,Action,Ubisoft,40000,69,"Climax Group, Climax Studios",T
14012,Ray Gigant,PSV,2015,Role-Playing,Namco Bandai Games,40000,72,Bandai Namco Games,T
14082,Homefront: The Revolution,PC,2016,Shooter,Deep Silver,40000,54,Deep Silver Dambuster Studios,M
14091,Just Dance 2017,XOne,2016,Misc,Ubisoft,40000,75,Ubisoft Paris,E10+
14093,Stranger of Sword City,PSV,2015,Role-Playing,Nippon Ichi Software,40000,71,Experience Inc.,T
14161,Infamous: First Light,PS4,2014,Action,Sony Computer Entertainment,30000,73,Sucker Punch,T
14164,Tour de France 2014,PS4,2014,Sports,Focus Home Interactive,30000,53,Cyanide,E
14209,Duke Nukem 3D: 20th Anniversary World Tour,PS4,2016,Shooter,Gearbox Software,30000,77,Gearbox Software,M
14259,JoJo's Bizarre Adventure: Eyes of Heaven,PS4,2015,Fighting,Namco Bandai Games,30000,61,CyberConnect2,T
14276,Yumi's Odd Odyssey,3DS,2013,Platform,Agatsuma Entertainment,30000,74,Studio Saizensen,E
14341,Deus Ex: Mankind Divided,PC,2016,Role-Playing,Square Enix,30000,83,"Eidos Montreal, Nixxes Software",M
14377,Song of the Deep,PC,2016,Action,Insomniac Games,30000,73,Insomniac Games,E
14402,DiRT Rally,PC,2016,Racing,Codemasters,30000,86,Codemasters,E
14403,Trials Fusion,PC,2014,Racing,Ubisoft,30000,80,RedLynx,E10+
14406,Prison Architect,PS4,2016,Action,Introversion Software,30000,80,"Introversion, Double Eleven",M
14423,Sorcery Saga: The Curse of the Great Curry God,PSV,2013,Role-Playing,Rising Star Games,30000,65,Zerodiv,T
14474,Zero Escape: Virtue's Last Reward,3DS,2012,Adventure,Rising Star Games,30000,88,ChunSoft,M
14476,Transformers: Devastation,PC,2015,Action,Activision,30000,74,PlatinumGames,T
14480,The Golf Club,XOne,2014,Sports,Unknown,30000,64,HB Studios Multimedia,E
14511,Worms: WMD,PS4,2016,Action,Sold Out,30000,78,Team 17,E10+
14518,Rabbids Land,WiiU,2012,Misc,Ubisoft,30000,52,Ubisoft Paris,E10+
14596,Valentino Rossi: The Game,XOne,2016,Racing,Namco Bandai Games,30000,74,Milestone S.r.l,E
14631,Doom 3 BFG Edition,PC,2012,Shooter,Bethesda Softworks,30000,59,id Software,M
14650,Lords of the Fallen,PC,2014,Role-Playing,Square Enix,30000,73,"City Interactive, Deck 13",M
14657,NBA 2K13,PC,2012,Sports,Take-Two Interactive,30000,90,Visual Concepts,E
14697,Mighty No. 9,WiiU,2016,Platform,Deep Silver,30000,48,Inti Creates,E10+
14709,Superdimension Neptune vs Sega Hard Girls,PSV,2016,Role-Playing,Idea Factory International,30000,73,Compile Heart,T
14710,The Talos Principle,PS4,2015,Puzzle,Devolver Digital,30000,88,Croteam,E10+
14739,Ride,PC,2015,Racing,Milestone S.r.l.,30000,68,Milestone S.r.l,E
14813,XBLAZE Code: Embryo,PSV,2013,Adventure,Arc System Works,30000,43,Arc System Works,M
14838,Dead Rising 2,PS4,2016,Action,Capcom,30000,82,Blue Castle Games,M
14872,The Technomancer,XOne,2016,Role-Playing,Focus Home Interactive,30000,68,Spiders,M
14901,The Peanuts Movie: Snoopy's Grand Adventure,PS4,2015,Action,Activision,30000,59,"Activision, Behaviour Interactive",E
14904,Aegis of Earth: Protonovus Assault,PS4,2016,Action,PQube,30000,57,Acquire,T
14942,Agatha Christie's The ABC Murders,PS4,2016,Adventure,Microids,30000,67,Microids,T
14982,Legend of Kay Anniversary,PS4,2015,Action,Nordic Games,30000,62,"Neon Studios, Kaiko",E10+
15001,GRID Autosport,PC,2014,Racing,Codemasters,20000,78,Codemasters,E
15048,Final Fantasy XIV: Heavensward,PC,2015,Action,Square Enix,20000,86,Square Enix,T
15049,Omega Quintet,PS4,2014,Role-Playing,Compile Heart,20000,58,Compile Heart,T
15117,Here They Lie,PS4,2016,Adventure,Sony Computer Entertainment,20000,62,The Tangentlemen,M
15177,Anima - Gate of Memories,PS4,2016,Action,Avanquest,20000,52,"Edge Entertainment, Anima Project",T
15182,Tropico 4: Modern Times,PC,2012,Strategy,Kalypso Media,20000,78,Haemimont,T
15200,Psycho-Pass: Mandatory Happiness,PSV,2016,Adventure,Nippon Ichi Software,20000,64,5pb,T
15213,Phoenix Wright: Ace Attorney Trilogy,3DS,2014,Adventure,Capcom,20000,81,NATSUME ATARI Inc.,T
15237,Street Fighter X Tekken,PC,2012,Fighting,Capcom,20000,79,"Capcom, QLOC",T
15258,Plants vs. Zombies: Garden Warfare,PC,2014,Shooter,Electronic Arts,20000,78,PopCap,E10+
15273,F1 Race Stars,PC,2012,Racing,Codemasters,20000,62,Codemasters,E
15361,Touhou Genso Rondo: Bullet Ballet,PS4,2016,Shooter,Nippon Ichi Software,20000,55,"Mediascape, CUBETYPE",E10+
15379,Sniper Elite V2,WiiU,2013,Shooter,505 Games,20000,58,Rebellion,M
15408,Sacred 3,PC,2014,Role-Playing,Deep Silver,20000,57,Deep Silver,M
15409,Pro Evolution Soccer 2017,PC,2016,Sports,Konami Digital Entertainment,20000,69,Konami,E
15458,Carmageddon: Max Damage,XOne,2016,Action,Stainless Games,20000,52,Stainless Games,M
15485,RollerCoaster Tycoon World,PC,2016,Simulation,Atari,20000,43,Nvizzio Creations,E
15489,Darksiders: Warmastered Edition,PS4,2016,Action,Nordic Games,20000,79,Nordic Games Publishing,M
15498,Lara Croft and the Temple of Osiris,PC,2014,Action,Square Enix,20000,73,Nixxes Software,T
15507,Fist of the North Star: Ken's Rage 2,WiiU,2013,Fighting,Tecmo Koei,20000,40,Koei,M
15514,Dynasty Warriors 8: Empires,PSV,2015,Action,Tecmo Koei,20000,70,Omega Force,T
15523,Tenkai Knights: Brave Battle,3DS,2014,Action,Namco Bandai Games,20000,26,Bandai Namco Games,E10+
15552,Ridge Racer Unbounded,PC,2012,Racing,Namco Bandai Games,20000,72,Bugbear,T
15582,Mighty No. 9,XOne,2016,Platform,Deep Silver,20000,55,Inti Creates,E10+
15620,The Crew: Wild Run,XOne,2015,Action,Ubisoft,20000,65,Ivory Tower,T
15662,The Crew: Wild Run,PC,2015,Action,Ubisoft,20000,74,Ivory Tower,T
15676,Pillars of Eternity,PC,2014,Role-Playing,Paradox Interactive,20000,89,Obsidian Entertainment,M
15736,Prototype: Biohazard Bundle,PS4,2016,Action,Activision,20000,48,Radical Entertainment,M
15841,Mark McMorris Infinite Air,PS4,2016,Sports,FuRyu Corporation,20000,49,HB Studios Multimedia,T
15853,Divinity: Original Sin,PC,2014,Role-Playing,Focus Home Interactive,20000,87,Larian Studios,M
15862,Broken Sword 5: The Serpent's Curse,XOne,2015,Adventure,Revolution Software,20000,77,Revolution Software,T
16027,Quantum Break,PC,2016,Action,Microsoft Game Studios,20000,66,Remedy Entertainment,M
16064,DuckTales: Remastered,PC,2013,Action,Capcom,20000,66,WayForward,E
16068,Assetto Corsa,XOne,2016,Racing,505 Games,20000,63,Kunos Simulazioni,E
16090,Contrast,PC,2013,Platform,Focus Home Interactive,10000,62,Compulsion Games,T
16112,Valentino Rossi: The Game,PC,2016,Racing,Namco Bandai Games,10000,72,"Milestone, Milestone S.r.l",E
16115,Republique,PS4,2016,Action,Nippon Ichi Software,10000,72,"Camouflaj, LLC",M
16122,NBA 2K17,PC,2016,Sports,Take-Two Interactive,10000,90,Visual Concepts,E
16137,Super Stardust Ultra VR,PS4,2016,Shooter,Sony Computer Entertainment,10000,66,Sony Interactive Entertainment,E10+
16145,Azure Striker Gunvolt,3DS,2016,Action,Yacht Club Games,10000,77,Inti Creates,E10+
16190,Darksiders: Warmastered Edition,XOne,2016,Action,Nordic Games,10000,80,Nordic Games Publishing,M
16203,The Technomancer,PC,2016,Role-Playing,Focus Home Interactive,10000,56,"Spidersoft, Spiders",M
16263,htoL#NiQ: The Firefly Diary,PSV,2014,Platform,Nippon Ichi Software,10000,58,Nippon Ichi Software,T
16267,Worms: WMD,XOne,2016,Action,Sold Out,10000,75,Team 17,E10+
16276,Doki-Doki Universe,PSV,2013,Adventure,Sony Computer Entertainment,10000,66,SCEA,E10+
16283,Sherlock Holmes: The Devil's Daughter,PC,2016,Adventure,Bigben Interactive,10000,65,Frogwares,T
16317,Prototype: Biohazard Bundle,XOne,2016,Action,Activision,10000,56,Radical Entertainment,M
16377,Dokuro,PSV,2012,Action,GungHo,10000,76,Game Arts,E10+
16396,Goat Simulator,XOne,2016,Simulation,Koch Media,10000,53,Coffee Stain Studios,T
16416,Legend of Kay Anniversary,WiiU,2015,Action,Nordic Games,10000,67,"Neon Studios, Kaiko",E10+
16424,Mario vs. Donkey Kong: Tipping Stars,WiiU,2015,Puzzle,Nintendo,10000,70,"Nintendo, Nintendo Software Technology",E
16467,TrackMania Turbo,PC,2016,Action,Ubisoft,10000,79,Nadeo,E
16490,Super Dungeon Bros,PS4,2016,Action,Nordic Games,10000,42,React Games,E10+
16503,Sherlock Holmes: The Devil's Daughter,PS4,2016,Adventure,Bigben Interactive,10000,70,Frogwares,T
16513,Ride 2,PC,2016,Racing,Milestone S.r.l,10000,78,Milestone S.r.l,E
16514,Art Academy: Home Studio,WiiU,2015,Misc,Nintendo,10000,82,Headstrong Games,E
16530,Dungeons 2,PS4,2016,Role-Playing,Kalypso Media,10000,61,Kalypso,T
16534,Carmageddon: Max Damage,PS4,2016,Action,Stainless Games,10000,51,Stainless Games,M
16588,Transformers: Fall of Cybertron,PC,2012,Action,Activision,10000,78,"High Moon Studios, Mercenary Technologies",T
16601,Saints Row: Gat out of Hell,XOne,2015,Action,Deep Silver,10000,65,Volition Inc.,M
16634,Sbastien Loeb Rally Evo,XOne,2016,Racing,Milestone S.r.l,10000,63,Milestone S.r.l,E
16656,Fast Racing Neo ,WiiU,2016,Action,Nintendo,10000,81,Shin'en,E
16696,Metal Gear Solid V: Ground Zeroes,PC,2014,Action,Konami Digital Entertainment,10000,80,Kojima Productions,M
